Record Length,2500,Points,time1,volt1,,Record Length,2500,Points,time2,volt2
Sample Interval,4.00E-07,s,1.71E-11,-2.00E-02,,Sample Interval,4.00E-07,s,1.71E-11,0
Trigger Point,759.9999574,Samples,4.00E-07,-2.00E-02,,Trigger Point,759.9999574,Samples,4.00E-07,8.00E-02
,,,8.00E-07,-2.00E-02,,,,,8.00E-07,0
,,,1.20E-06,-2.00E-02,,,,,1.20E-06,1.60E-01
,,,1.60E-06,0,,,,,1.60E-06,-8.00E-02
Source,CH1,,2.00E-06,0,,Source,CH2,,2.00E-06,8.00E-02
Vertical Units,Volts,,2.40E-06,-2.00E-02,,Vertical Units,Volts,,2.40E-06,8.00E-02
Vertical Scale,5.00E-01,,2.80E-06,-2.00E-02,,Vertical Scale,2,,2.80E-06,3.27999997
Vertical Offset,0,,3.20E-06,0,,Vertical Offset,0,,3.20E-06,2.87999988
Horizontal Units,s,,3.60E-06,-2.00E-02,,Horizontal Units,s,,3.60E-06,2.96000004
Horizontal Scale,1.00E-04,,4.00E-06,-4.00E-02,,Horizontal Scale,1.00E-04,,4.00E-06,2.96000004
Pt Fmt,Y,,4.40E-06,-4.00E-02,,Pt Fmt,Y,,4.40E-06,3.03999996
Yzero,-3,,4.80E-06,0,,Yzero,-2,,4.80E-06,2.87999988
Probe Atten,1,,5.20E-06,0,,Probe Atten,1,,5.20E-06,2.96000004
,,,5.60E-06,0,,,,,5.60E-06,2.96000004
Note,TDS 1002B - 4:46:18 PM   2/22/2023,,6.00E-06,0,,Note,TDS 1002B - 4:46:18 PM   2/22/2023,,6.00E-06,2.96000004
,,,6.40E-06,-2.00E-02,,,,,6.40E-06,2.87999988
,,,6.80E-06,-2.00E-02,,,,,6.80E-06,2.96000004
,,,7.20E-06,0,,,,,7.20E-06,2.96000004
,,,7.60E-06,0,,,,,7.60E-06,2.96000004
,,,8.00E-06,-2.00E-02,,,,,8.00E-06,2.96000004
,,,8.40E-06,-4.00E-02,,,,,8.40E-06,2.96000004
,,,8.80E-06,2.00E-02,,,,,8.80E-06,2.96000004
,,,9.20E-06,-4.00E-02,,,,,9.20E-06,2.87999988
,,,9.60E-06,-2.00E-02,,,,,9.60E-06,2.87999988
,,,1.00E-05,-2.00E-02,,,,,1.00E-05,2.96000004
,,,1.04E-05,-2.00E-02,,,,,1.04E-05,2.96000004
,,,1.08E-05,-2.00E-02,,,,,1.08E-05,3.03999996
,,,1.12E-05,0,,,,,1.12E-05,3.03999996
,,,1.16E-05,-4.00E-02,,,,,1.16E-05,2.96000004
,,,1.20E-05,-2.00E-02,,,,,1.20E-05,2.96000004
,,,1.24E-05,-2.00E-02,,,,,1.24E-05,2.87999988
,,,1.28E-05,-2.00E-02,,,,,1.28E-05,3.11999989
,,,1.32E-05,-2.00E-02,,,,,1.32E-05,2.96000004
,,,1.36E-05,0,,,,,1.36E-05,2.96000004
,,,1.40E-05,-2.00E-02,,,,,1.40E-05,3.03999996
,,,1.44E-05,0,,,,,1.44E-05,2.87999988
,,,1.48E-05,-6.00E-02,,,,,1.48E-05,2.96000004
,,,1.52E-05,0,,,,,1.52E-05,2.96000004
,,,1.56E-05,-2.00E-02,,,,,1.56E-05,2.96000004
,,,1.60E-05,0,,,,,1.60E-05,2.96000004
,,,1.64E-05,0,,,,,1.64E-05,2.87999988
,,,1.68E-05,2.00E-02,,,,,1.68E-05,2.96000004
,,,1.72E-05,0,,,,,1.72E-05,2.96000004
,,,1.76E-05,0,,,,,1.76E-05,3.03999996
,,,1.80E-05,-2.00E-02,,,,,1.80E-05,2.96000004
,,,1.84E-05,-2.00E-02,,,,,1.84E-05,2.96000004
,,,1.88E-05,2.00E-02,,,,,1.88E-05,2.96000004
,,,1.92E-05,-2.00E-02,,,,,1.92E-05,2.87999988
,,,1.96E-05,-2.00E-02,,,,,1.96E-05,2.87999988
,,,2.00E-05,-4.00E-02,,,,,2.00E-05,3.03999996
,,,2.04E-05,-2.00E-02,,,,,2.04E-05,2.87999988
,,,2.08E-05,-2.00E-02,,,,,2.08E-05,2.96000004
,,,2.12E-05,-2.00E-02,,,,,2.12E-05,2.96000004
,,,2.16E-05,-2.00E-02,,,,,2.16E-05,2.87999988
,,,2.20E-05,-2.00E-02,,,,,2.20E-05,2.96000004
,,,2.24E-05,-2.00E-02,,,,,2.24E-05,2.96000004
,,,2.28E-05,0,,,,,2.28E-05,2.96000004
,,,2.32E-05,-4.00E-02,,,,,2.32E-05,3.03999996
,,,2.36E-05,0,,,,,2.36E-05,2.96000004
,,,2.40E-05,-2.00E-02,,,,,2.40E-05,2.87999988
,,,2.44E-05,-4.00E-02,,,,,2.44E-05,2.96000004
,,,2.48E-05,-4.00E-02,,,,,2.48E-05,2.87999988
,,,2.52E-05,-4.00E-02,,,,,2.52E-05,2.96000004
,,,2.56E-05,-2.00E-02,,,,,2.56E-05,3.03999996
,,,2.60E-05,0,,,,,2.60E-05,2.96000004
,,,2.64E-05,-6.00E-02,,,,,2.64E-05,2.87999988
,,,2.68E-05,2.00E-02,,,,,2.68E-05,2.96000004
,,,2.72E-05,-2.00E-02,,,,,2.72E-05,2.87999988
,,,2.76E-05,-2.00E-02,,,,,2.76E-05,2.96000004
,,,2.80E-05,-4.00E-02,,,,,2.80E-05,2.96000004
,,,2.84E-05,-2.00E-02,,,,,2.84E-05,2.87999988
,,,2.88E-05,0,,,,,2.88E-05,2.96000004
,,,2.92E-05,0,,,,,2.92E-05,2.96000004
,,,2.96E-05,0,,,,,2.96E-05,2.87999988
,,,3.00E-05,2.00E-02,,,,,3.00E-05,2.87999988
,,,3.04E-05,-4.00E-02,,,,,3.04E-05,2.96000004
,,,3.08E-05,0,,,,,3.08E-05,2.96000004
,,,3.12E-05,-4.00E-02,,,,,3.12E-05,2.96000004
,,,3.16E-05,0,,,,,3.16E-05,2.96000004
,,,3.20E-05,0,,,,,3.20E-05,2.96000004
,,,3.24E-05,-2.00E-02,,,,,3.24E-05,2.96000004
,,,3.28E-05,0,,,,,3.28E-05,2.96000004
,,,3.32E-05,-4.00E-02,,,,,3.32E-05,3.03999996
,,,3.36E-05,2.00E-02,,,,,3.36E-05,2.96000004
,,,3.40E-05,0,,,,,3.40E-05,2.87999988
,,,3.44E-05,0,,,,,3.44E-05,2.96000004
,,,3.48E-05,-2.00E-02,,,,,3.48E-05,3.03999996
,,,3.52E-05,-2.00E-02,,,,,3.52E-05,2.96000004
,,,3.56E-05,-2.00E-02,,,,,3.56E-05,2.96000004
,,,3.60E-05,-2.00E-02,,,,,3.60E-05,2.96000004
,,,3.64E-05,4.00E-02,,,,,3.64E-05,2.96000004
,,,3.68E-05,2.00E-02,,,,,3.68E-05,2.96000004
,,,3.72E-05,-2.00E-02,,,,,3.72E-05,2.96000004
,,,3.76E-05,-2.00E-02,,,,,3.76E-05,2.96000004
,,,3.80E-05,-2.00E-02,,,,,3.80E-05,3.03999996
,,,3.84E-05,-2.00E-02,,,,,3.84E-05,2.96000004
,,,3.88E-05,-4.00E-02,,,,,3.88E-05,2.96000004
,,,3.92E-05,-2.00E-02,,,,,3.92E-05,2.96000004
,,,3.96E-05,0,,,,,3.96E-05,2.87999988
,,,4.00E-05,-2.00E-02,,,,,4.00E-05,2.96000004
,,,4.04E-05,2.00E-02,,,,,4.04E-05,2.96000004
,,,4.08E-05,0,,,,,4.08E-05,2.96000004
,,,4.12E-05,0,,,,,4.12E-05,2.87999988
,,,4.16E-05,0,,,,,4.16E-05,2.96000004
,,,4.20E-05,0,,,,,4.20E-05,3.03999996
,,,4.24E-05,-2.00E-02,,,,,4.24E-05,2.96000004
,,,4.28E-05,0,,,,,4.28E-05,3.03999996
,,,4.32E-05,0,,,,,4.32E-05,2.96000004
,,,4.36E-05,-2.00E-02,,,,,4.36E-05,3.03999996
,,,4.40E-05,-2.00E-02,,,,,4.40E-05,2.96000004
,,,4.44E-05,0,,,,,4.44E-05,2.87999988
,,,4.48E-05,0,,,,,4.48E-05,3.03999996
,,,4.52E-05,0,,,,,4.52E-05,2.96000004
,,,4.56E-05,2.00E-02,,,,,4.56E-05,2.96000004
,,,4.60E-05,-2.00E-02,,,,,4.60E-05,3.03999996
,,,4.64E-05,0,,,,,4.64E-05,2.96000004
,,,4.68E-05,2.00E-02,,,,,4.68E-05,2.96000004
,,,4.72E-05,0,,,,,4.72E-05,3.03999996
,,,4.76E-05,-2.00E-02,,,,,4.76E-05,2.96000004
,,,4.80E-05,-2.00E-02,,,,,4.80E-05,3.03999996
,,,4.84E-05,2.00E-02,,,,,4.84E-05,2.96000004
,,,4.88E-05,0,,,,,4.88E-05,2.96000004
,,,4.92E-05,0,,,,,4.92E-05,2.96000004
,,,4.96E-05,0,,,,,4.96E-05,2.96000004
,,,5.00E-05,-2.00E-02,,,,,5.00E-05,2.96000004
,,,5.04E-05,-2.00E-02,,,,,5.04E-05,3.03999996
,,,5.08E-05,-2.00E-02,,,,,5.08E-05,2.87999988
,,,5.12E-05,-6.00E-02,,,,,5.12E-05,2.87999988
,,,5.16E-05,0,,,,,5.16E-05,3.03999996
,,,5.20E-05,-2.00E-02,,,,,5.20E-05,2.96000004
,,,5.24E-05,-2.00E-02,,,,,5.24E-05,2.96000004
,,,5.28E-05,0,,,,,5.28E-05,2.96000004
,,,5.32E-05,0,,,,,5.32E-05,3.03999996
,,,5.36E-05,0,,,,,5.36E-05,2.96000004
,,,5.40E-05,0,,,,,5.40E-05,2.87999988
,,,5.44E-05,-4.00E-02,,,,,5.44E-05,3.03999996
,,,5.48E-05,0,,,,,5.48E-05,3.03999996
,,,5.52E-05,-2.00E-02,,,,,5.52E-05,2.96000004
,,,5.56E-05,0,,,,,5.56E-05,2.87999988
,,,5.60E-05,-2.00E-02,,,,,5.60E-05,2.87999988
,,,5.64E-05,2.00E-02,,,,,5.64E-05,2.96000004
,,,5.68E-05,-4.00E-02,,,,,5.68E-05,2.87999988
,,,5.72E-05,0,,,,,5.72E-05,2.96000004
,,,5.76E-05,-2.00E-02,,,,,5.76E-05,2.87999988
,,,5.80E-05,-4.00E-02,,,,,5.80E-05,2.96000004
,,,5.84E-05,0,,,,,5.84E-05,2.96000004
,,,5.88E-05,0,,,,,5.88E-05,2.96000004
,,,5.92E-05,2.00E-02,,,,,5.92E-05,2.96000004
,,,5.96E-05,-6.00E-02,,,,,5.96E-05,2.96000004
,,,6.00E-05,0,,,,,6.00E-05,2.87999988
,,,6.04E-05,-4.00E-02,,,,,6.04E-05,2.96000004
,,,6.08E-05,-4.00E-02,,,,,6.08E-05,2.96000004
,,,6.12E-05,-2.00E-02,,,,,6.12E-05,2.96000004
,,,6.16E-05,-2.00E-02,,,,,6.16E-05,2.96000004
,,,6.20E-05,0,,,,,6.20E-05,2.96000004
,,,6.24E-05,2.00E-02,,,,,6.24E-05,2.96000004
,,,6.28E-05,-4.00E-02,,,,,6.28E-05,3.03999996
,,,6.32E-05,0,,,,,6.32E-05,2.96000004
,,,6.36E-05,-2.00E-02,,,,,6.36E-05,2.87999988
,,,6.40E-05,-2.00E-02,,,,,6.40E-05,2.96000004
,,,6.44E-05,-4.00E-02,,,,,6.44E-05,2.96000004
,,,6.48E-05,-6.00E-02,,,,,6.48E-05,3.03999996
,,,6.52E-05,-2.00E-02,,,,,6.52E-05,2.96000004
,,,6.56E-05,0,,,,,6.56E-05,3.03999996
,,,6.60E-05,-4.00E-02,,,,,6.60E-05,2.96000004
,,,6.64E-05,2.00E-02,,,,,6.64E-05,2.96000004
,,,6.68E-05,0,,,,,6.68E-05,2.96000004
,,,6.72E-05,-2.00E-02,,,,,6.72E-05,3.03999996
,,,6.76E-05,-2.00E-02,,,,,6.76E-05,2.96000004
,,,6.80E-05,0,,,,,6.80E-05,2.96000004
,,,6.84E-05,0,,,,,6.84E-05,2.96000004
,,,6.88E-05,0,,,,,6.88E-05,2.96000004
,,,6.92E-05,2.00E-02,,,,,6.92E-05,2.96000004
,,,6.96E-05,0,,,,,6.96E-05,2.96000004
,,,7.00E-05,-6.00E-02,,,,,7.00E-05,2.96000004
,,,7.04E-05,0,,,,,7.04E-05,2.87999988
,,,7.08E-05,-6.00E-02,,,,,7.08E-05,2.96000004
,,,7.12E-05,-2.00E-02,,,,,7.12E-05,3.03999996
,,,7.16E-05,0,,,,,7.16E-05,2.96000004
,,,7.20E-05,0,,,,,7.20E-05,2.96000004
,,,7.24E-05,-2.00E-02,,,,,7.24E-05,2.96000004
,,,7.28E-05,-2.00E-02,,,,,7.28E-05,3.11999989
,,,7.32E-05,0,,,,,7.32E-05,2.96000004
,,,7.36E-05,-2.00E-02,,,,,7.36E-05,2.87999988
,,,7.40E-05,0,,,,,7.40E-05,2.96000004
,,,7.44E-05,-2.00E-02,,,,,7.44E-05,2.87999988
,,,7.48E-05,0,,,,,7.48E-05,2.87999988
,,,7.52E-05,-2.00E-02,,,,,7.52E-05,2.96000004
,,,7.56E-05,0,,,,,7.56E-05,2.96000004
,,,7.60E-05,2.00E-02,,,,,7.60E-05,2.96000004
,,,7.64E-05,0,,,,,7.64E-05,2.96000004
,,,7.68E-05,-2.00E-02,,,,,7.68E-05,3.03999996
,,,7.72E-05,-4.00E-02,,,,,7.72E-05,2.96000004
,,,7.76E-05,0,,,,,7.76E-05,2.96000004
,,,7.80E-05,2.00E-02,,,,,7.80E-05,2.96000004
,,,7.84E-05,-2.00E-02,,,,,7.84E-05,2.96000004
,,,7.88E-05,-2.00E-02,,,,,7.88E-05,2.96000004
,,,7.92E-05,-2.00E-02,,,,,7.92E-05,2.96000004
,,,7.96E-05,-4.00E-02,,,,,7.96E-05,2.87999988
,,,8.00E-05,0,,,,,8.00E-05,2.96000004
,,,8.04E-05,-2.00E-02,,,,,8.04E-05,3.03999996
,,,8.08E-05,0,,,,,8.08E-05,2.96000004
,,,8.12E-05,0,,,,,8.12E-05,2.96000004
,,,8.16E-05,-2.00E-02,,,,,8.16E-05,3.11999989
,,,8.20E-05,0,,,,,8.20E-05,3.03999996
,,,8.24E-05,0,,,,,8.24E-05,2.96000004
,,,8.28E-05,-6.00E-02,,,,,8.28E-05,3.03999996
,,,8.32E-05,-2.00E-02,,,,,8.32E-05,2.96000004
,,,8.36E-05,-4.00E-02,,,,,8.36E-05,2.96000004
,,,8.40E-05,-2.00E-02,,,,,8.40E-05,2.87999988
,,,8.44E-05,0,,,,,8.44E-05,3.03999996
,,,8.48E-05,-2.00E-02,,,,,8.48E-05,3.03999996
,,,8.52E-05,2.00E-02,,,,,8.52E-05,2.96000004
,,,8.56E-05,-2.00E-02,,,,,8.56E-05,2.96000004
,,,8.60E-05,-2.00E-02,,,,,8.60E-05,2.96000004
,,,8.64E-05,0,,,,,8.64E-05,2.96000004
,,,8.68E-05,0,,,,,8.68E-05,2.96000004
,,,8.72E-05,-2.00E-02,,,,,8.72E-05,3.03999996
,,,8.76E-05,-2.00E-02,,,,,8.76E-05,3.03999996
,,,8.80E-05,2.00E-02,,,,,8.80E-05,2.96000004
,,,8.84E-05,-4.00E-02,,,,,8.84E-05,2.87999988
,,,8.88E-05,0,,,,,8.88E-05,2.87999988
,,,8.92E-05,-2.00E-02,,,,,8.92E-05,2.96000004
,,,8.96E-05,0,,,,,8.96E-05,2.96000004
,,,9.00E-05,-2.00E-02,,,,,9.00E-05,3.03999996
,,,9.04E-05,2.00E-02,,,,,9.04E-05,2.87999988
,,,9.08E-05,-6.00E-02,,,,,9.08E-05,2.87999988
,,,9.12E-05,-2.00E-02,,,,,9.12E-05,2.96000004
,,,9.16E-05,-2.00E-02,,,,,9.16E-05,3.03999996
,,,9.20E-05,-2.00E-02,,,,,9.20E-05,2.96000004
,,,9.24E-05,0,,,,,9.24E-05,3.03999996
,,,9.28E-05,0,,,,,9.28E-05,3.03999996
,,,9.32E-05,0,,,,,9.32E-05,3.03999996
,,,9.36E-05,0,,,,,9.36E-05,2.79999995
,,,9.40E-05,-4.00E-02,,,,,9.40E-05,2.87999988
,,,9.44E-05,-2.00E-02,,,,,9.44E-05,2.96000004
,,,9.48E-05,-2.00E-02,,,,,9.48E-05,2.96000004
,,,9.52E-05,0,,,,,9.52E-05,3.03999996
,,,9.56E-05,0,,,,,9.56E-05,2.96000004
,,,9.60E-05,0,,,,,9.60E-05,2.96000004
,,,9.64E-05,0,,,,,9.64E-05,3.03999996
,,,9.68E-05,-6.00E-02,,,,,9.68E-05,2.96000004
,,,9.72E-05,-2.00E-02,,,,,9.72E-05,2.96000004
,,,9.76E-05,-2.00E-02,,,,,9.76E-05,2.96000004
,,,9.80E-05,2.00E-02,,,,,9.80E-05,3.03999996
,,,9.84E-05,-2.00E-02,,,,,9.84E-05,2.96000004
,,,9.88E-05,0,,,,,9.88E-05,2.96000004
,,,9.92E-05,-6.00E-02,,,,,9.92E-05,2.96000004
,,,9.96E-05,0,,,,,9.96E-05,2.96000004
,,,1.00E-04,-2.00E-02,,,,,1.00E-04,2.96000004
,,,1.00E-04,-2.00E-02,,,,,1.00E-04,3.03999996
,,,1.01E-04,-2.00E-02,,,,,1.01E-04,2.96000004
,,,1.01E-04,0,,,,,1.01E-04,2.96000004
,,,1.02E-04,-2.00E-02,,,,,1.02E-04,2.96000004
,,,1.02E-04,0,,,,,1.02E-04,2.96000004
,,,1.02E-04,-4.00E-02,,,,,1.02E-04,3.03999996
,,,1.03E-04,-2.00E-02,,,,,1.03E-04,2.96000004
,,,1.03E-04,-2.00E-02,,,,,1.03E-04,2.96000004
,,,1.04E-04,-2.00E-02,,,,,1.04E-04,3.03999996
,,,1.04E-04,-2.00E-02,,,,,1.04E-04,2.87999988
,,,1.04E-04,-4.00E-02,,,,,1.04E-04,2.96000004
,,,1.05E-04,-2.00E-02,,,,,1.05E-04,2.96000004
,,,1.05E-04,-4.00E-02,,,,,1.05E-04,3.03999996
,,,1.06E-04,-2.00E-02,,,,,1.06E-04,2.87999988
,,,1.06E-04,4.00E-02,,,,,1.06E-04,2.96000004
,,,1.06E-04,-2.00E-02,,,,,1.06E-04,2.96000004
,,,1.07E-04,0,,,,,1.07E-04,3.03999996
,,,1.07E-04,-2.00E-02,,,,,1.07E-04,3.03999996
,,,1.08E-04,0,,,,,1.08E-04,2.87999988
,,,1.08E-04,0,,,,,1.08E-04,2.96000004
,,,1.08E-04,-2.00E-02,,,,,1.08E-04,2.87999988
,,,1.09E-04,0,,,,,1.09E-04,2.96000004
,,,1.09E-04,0,,,,,1.09E-04,3.11999989
,,,1.10E-04,-4.00E-02,,,,,1.10E-04,2.96000004
,,,1.10E-04,0,,,,,1.10E-04,2.87999988
,,,1.10E-04,-2.00E-02,,,,,1.10E-04,2.96000004
,,,1.11E-04,0,,,,,1.11E-04,3.03999996
,,,1.11E-04,2.00E-02,,,,,1.11E-04,2.96000004
,,,1.12E-04,-2.00E-02,,,,,1.12E-04,2.96000004
,,,1.12E-04,0,,,,,1.12E-04,2.96000004
,,,1.12E-04,0,,,,,1.12E-04,3.03999996
,,,1.13E-04,2.00E-02,,,,,1.13E-04,3.03999996
,,,1.13E-04,0,,,,,1.13E-04,2.96000004
,,,1.14E-04,-2.00E-02,,,,,1.14E-04,2.96000004
,,,1.14E-04,-4.00E-02,,,,,1.14E-04,3.11999989
,,,1.14E-04,0,,,,,1.14E-04,2.96000004
,,,1.15E-04,-2.00E-02,,,,,1.15E-04,2.87999988
,,,1.15E-04,-2.00E-02,,,,,1.15E-04,2.96000004
,,,1.16E-04,0,,,,,1.16E-04,2.96000004
,,,1.16E-04,0,,,,,1.16E-04,2.96000004
,,,1.16E-04,-2.00E-02,,,,,1.16E-04,2.87999988
,,,1.17E-04,0,,,,,1.17E-04,2.96000004
,,,1.17E-04,0,,,,,1.17E-04,3.03999996
,,,1.18E-04,0,,,,,1.18E-04,2.96000004
,,,1.18E-04,0,,,,,1.18E-04,2.96000004
,,,1.18E-04,-4.00E-02,,,,,1.18E-04,3.03999996
,,,1.19E-04,-2.00E-02,,,,,1.19E-04,2.96000004
,,,1.19E-04,-2.00E-02,,,,,1.19E-04,3.03999996
,,,1.20E-04,-2.00E-02,,,,,1.20E-04,3.03999996
,,,1.20E-04,-2.00E-02,,,,,1.20E-04,2.96000004
,,,1.20E-04,-2.00E-02,,,,,1.20E-04,2.87999988
,,,1.21E-04,-4.00E-02,,,,,1.21E-04,3.03999996
,,,1.21E-04,0,,,,,1.21E-04,3.03999996
,,,1.22E-04,-2.00E-02,,,,,1.22E-04,2.96000004
,,,1.22E-04,2.00E-02,,,,,1.22E-04,2.96000004
,,,1.22E-04,-4.00E-02,,,,,1.22E-04,3.03999996
,,,1.23E-04,2.00E-02,,,,,1.23E-04,3.03999996
,,,1.23E-04,-2.00E-02,,,,,1.23E-04,2.96000004
,,,1.24E-04,-2.00E-02,,,,,1.24E-04,2.96000004
,,,1.24E-04,-2.00E-02,,,,,1.24E-04,3.03999996
,,,1.24E-04,0,,,,,1.24E-04,2.96000004
,,,1.25E-04,2.00E-02,,,,,1.25E-04,2.96000004
,,,1.25E-04,-2.00E-02,,,,,1.25E-04,2.96000004
,,,1.26E-04,-2.00E-02,,,,,1.26E-04,2.96000004
,,,1.26E-04,0,,,,,1.26E-04,2.96000004
,,,1.26E-04,0,,,,,1.26E-04,2.96000004
,,,1.27E-04,0,,,,,1.27E-04,2.96000004
,,,1.27E-04,-4.00E-02,,,,,1.27E-04,2.96000004
,,,1.28E-04,2.00E-02,,,,,1.28E-04,2.87999988
,,,1.28E-04,-4.00E-02,,,,,1.28E-04,3.03999996
,,,1.28E-04,0,,,,,1.28E-04,2.96000004
,,,1.29E-04,0,,,,,1.29E-04,2.96000004
,,,1.29E-04,0,,,,,1.29E-04,2.96000004
,,,1.30E-04,-2.00E-02,,,,,1.30E-04,3.03999996
,,,1.30E-04,0,,,,,1.30E-04,2.96000004
,,,1.30E-04,-4.00E-02,,,,,1.30E-04,2.96000004
,,,1.31E-04,2.00E-02,,,,,1.31E-04,2.96000004
,,,1.31E-04,-2.00E-02,,,,,1.31E-04,3.03999996
,,,1.32E-04,-2.00E-02,,,,,1.32E-04,2.96000004
,,,1.32E-04,0,,,,,1.32E-04,3.03999996
,,,1.32E-04,0,,,,,1.32E-04,2.96000004
,,,1.33E-04,-2.00E-02,,,,,1.33E-04,3.03999996
,,,1.33E-04,0,,,,,1.33E-04,2.96000004
,,,1.34E-04,-2.00E-02,,,,,1.34E-04,2.96000004
,,,1.34E-04,-2.00E-02,,,,,1.34E-04,2.96000004
,,,1.34E-04,0,,,,,1.34E-04,2.96000004
,,,1.35E-04,-2.00E-02,,,,,1.35E-04,2.96000004
,,,1.35E-04,0,,,,,1.35E-04,2.96000004
,,,1.36E-04,2.00E-02,,,,,1.36E-04,2.96000004
,,,1.36E-04,-2.00E-02,,,,,1.36E-04,2.87999988
,,,1.36E-04,-2.00E-02,,,,,1.36E-04,3.03999996
,,,1.37E-04,-2.00E-02,,,,,1.37E-04,2.96000004
,,,1.37E-04,-2.00E-02,,,,,1.37E-04,3.03999996
,,,1.38E-04,0,,,,,1.38E-04,2.96000004
,,,1.38E-04,-4.00E-02,,,,,1.38E-04,2.87999988
,,,1.38E-04,-2.00E-02,,,,,1.38E-04,2.87999988
,,,1.39E-04,-2.00E-02,,,,,1.39E-04,2.96000004
,,,1.39E-04,-2.00E-02,,,,,1.39E-04,2.87999988
,,,1.40E-04,-4.00E-02,,,,,1.40E-04,2.96000004
,,,1.40E-04,0,,,,,1.40E-04,2.87999988
,,,1.40E-04,0,,,,,1.40E-04,2.96000004
,,,1.41E-04,0,,,,,1.41E-04,3.03999996
,,,1.41E-04,0,,,,,1.41E-04,2.96000004
,,,1.42E-04,0,,,,,1.42E-04,2.96000004
,,,1.42E-04,-4.00E-02,,,,,1.42E-04,2.96000004
,,,1.42E-04,2.00E-02,,,,,1.42E-04,2.96000004
,,,1.43E-04,-2.00E-02,,,,,1.43E-04,2.96000004
,,,1.43E-04,-4.00E-02,,,,,1.43E-04,2.96000004
,,,1.44E-04,-4.00E-02,,,,,1.44E-04,2.87999988
,,,1.44E-04,-2.00E-02,,,,,1.44E-04,2.96000004
,,,1.44E-04,0,,,,,1.44E-04,2.96000004
,,,1.45E-04,-2.00E-02,,,,,1.45E-04,2.96000004
,,,1.45E-04,0,,,,,1.45E-04,2.87999988
,,,1.46E-04,4.00E-02,,,,,1.46E-04,2.96000004
,,,1.46E-04,0,,,,,1.46E-04,2.96000004
,,,1.46E-04,0,,,,,1.46E-04,2.96000004
,,,1.47E-04,-4.00E-02,,,,,1.47E-04,3.03999996
,,,1.47E-04,4.00E-02,,,,,1.47E-04,2.96000004
,,,1.48E-04,-2.00E-02,,,,,1.48E-04,2.96000004
,,,1.48E-04,-2.00E-02,,,,,1.48E-04,2.96000004
,,,1.48E-04,-4.00E-02,,,,,1.48E-04,2.96000004
,,,1.49E-04,2.00E-02,,,,,1.49E-04,3.03999996
,,,1.49E-04,-4.00E-02,,,,,1.49E-04,2.96000004
,,,1.50E-04,0,,,,,1.50E-04,2.96000004
,,,1.50E-04,-2.00E-02,,,,,1.50E-04,2.87999988
,,,1.50E-04,0,,,,,1.50E-04,3.03999996
,,,1.51E-04,2.00E-02,,,,,1.51E-04,2.96000004
,,,1.51E-04,0,,,,,1.51E-04,3.03999996
,,,1.52E-04,0,,,,,1.52E-04,2.96000004
,,,1.52E-04,-2.00E-02,,,,,1.52E-04,2.96000004
,,,1.52E-04,0,,,,,1.52E-04,3.11999989
,,,1.53E-04,0,,,,,1.53E-04,2.87999988
,,,1.53E-04,0,,,,,1.53E-04,2.96000004
,,,1.54E-04,-2.00E-02,,,,,1.54E-04,2.96000004
,,,1.54E-04,-2.00E-02,,,,,1.54E-04,2.96000004
,,,1.54E-04,-2.00E-02,,,,,1.54E-04,2.96000004
,,,1.55E-04,0,,,,,1.55E-04,2.96000004
,,,1.55E-04,-2.00E-02,,,,,1.55E-04,2.96000004
,,,1.56E-04,0,,,,,1.56E-04,3.03999996
,,,1.56E-04,2.00E-02,,,,,1.56E-04,2.96000004
,,,1.56E-04,0,,,,,1.56E-04,2.96000004
,,,1.57E-04,-2.00E-02,,,,,1.57E-04,3.03999996
,,,1.57E-04,0,,,,,1.57E-04,2.96000004
,,,1.58E-04,-2.00E-02,,,,,1.58E-04,2.96000004
,,,1.58E-04,-2.00E-02,,,,,1.58E-04,2.96000004
,,,1.58E-04,-4.00E-02,,,,,1.58E-04,2.96000004
,,,1.59E-04,-4.00E-02,,,,,1.59E-04,3.03999996
,,,1.59E-04,0,,,,,1.59E-04,2.96000004
,,,1.60E-04,-2.00E-02,,,,,1.60E-04,2.96000004
,,,1.60E-04,-2.00E-02,,,,,1.60E-04,2.87999988
,,,1.60E-04,0,,,,,1.60E-04,2.96000004
,,,1.61E-04,-2.00E-02,,,,,1.61E-04,3.11999989
,,,1.61E-04,-2.00E-02,,,,,1.61E-04,2.96000004
,,,1.62E-04,0,,,,,1.62E-04,2.96000004
,,,1.62E-04,-4.00E-02,,,,,1.62E-04,3.03999996
,,,1.62E-04,2.00E-02,,,,,1.62E-04,2.96000004
,,,1.63E-04,-4.00E-02,,,,,1.63E-04,2.96000004
,,,1.63E-04,-2.00E-02,,,,,1.63E-04,2.87999988
,,,1.64E-04,-2.00E-02,,,,,1.64E-04,3.03999996
,,,1.64E-04,-2.00E-02,,,,,1.64E-04,2.87999988
,,,1.64E-04,-2.00E-02,,,,,1.64E-04,2.96000004
,,,1.65E-04,0,,,,,1.65E-04,2.96000004
,,,1.65E-04,-2.00E-02,,,,,1.65E-04,2.87999988
,,,1.66E-04,-2.00E-02,,,,,1.66E-04,3.03999996
,,,1.66E-04,0,,,,,1.66E-04,2.96000004
,,,1.66E-04,-2.00E-02,,,,,1.66E-04,2.96000004
,,,1.67E-04,-4.00E-02,,,,,1.67E-04,3.03999996
,,,1.67E-04,-2.00E-02,,,,,1.67E-04,2.96000004
,,,1.68E-04,-2.00E-02,,,,,1.68E-04,2.96000004
,,,1.68E-04,0,,,,,1.68E-04,2.96000004
,,,1.68E-04,-2.00E-02,,,,,1.68E-04,3.03999996
,,,1.69E-04,0,,,,,1.69E-04,2.96000004
,,,1.69E-04,0,,,,,1.69E-04,3.03999996
,,,1.70E-04,0,,,,,1.70E-04,2.96000004
,,,1.70E-04,-6.00E-02,,,,,1.70E-04,2.96000004
,,,1.70E-04,0,,,,,1.70E-04,3.03999996
,,,1.71E-04,-2.00E-02,,,,,1.71E-04,3.03999996
,,,1.71E-04,-2.00E-02,,,,,1.71E-04,2.96000004
,,,1.72E-04,0,,,,,1.72E-04,2.96000004
,,,1.72E-04,2.00E-02,,,,,1.72E-04,3.03999996
,,,1.72E-04,-2.00E-02,,,,,1.72E-04,3.03999996
,,,1.73E-04,0,,,,,1.73E-04,2.96000004
,,,1.73E-04,-4.00E-02,,,,,1.73E-04,2.87999988
,,,1.74E-04,-4.00E-02,,,,,1.74E-04,2.96000004
,,,1.74E-04,-2.00E-02,,,,,1.74E-04,2.96000004
,,,1.74E-04,-2.00E-02,,,,,1.74E-04,2.96000004
,,,1.75E-04,-2.00E-02,,,,,1.75E-04,2.87999988
,,,1.75E-04,0,,,,,1.75E-04,2.96000004
,,,1.76E-04,2.00E-02,,,,,1.76E-04,2.87999988
,,,1.76E-04,0,,,,,1.76E-04,3.03999996
,,,1.76E-04,-2.00E-02,,,,,1.76E-04,2.96000004
,,,1.77E-04,-4.00E-02,,,,,1.77E-04,3.03999996
,,,1.77E-04,-2.00E-02,,,,,1.77E-04,2.96000004
,,,1.78E-04,-4.00E-02,,,,,1.78E-04,2.96000004
,,,1.78E-04,0,,,,,1.78E-04,2.87999988
,,,1.78E-04,-2.00E-02,,,,,1.78E-04,2.96000004
,,,1.79E-04,0,,,,,1.79E-04,2.87999988
,,,1.79E-04,-4.00E-02,,,,,1.79E-04,3.03999996
,,,1.80E-04,-2.00E-02,,,,,1.80E-04,2.87999988
,,,1.80E-04,-4.00E-02,,,,,1.80E-04,3.03999996
,,,1.80E-04,0,,,,,1.80E-04,2.87999988
,,,1.81E-04,-2.00E-02,,,,,1.81E-04,2.96000004
,,,1.81E-04,-2.00E-02,,,,,1.81E-04,2.96000004
,,,1.82E-04,-4.00E-02,,,,,1.82E-04,3.03999996
,,,1.82E-04,0,,,,,1.82E-04,2.96000004
,,,1.82E-04,-2.00E-02,,,,,1.82E-04,2.87999988
,,,1.83E-04,-2.00E-02,,,,,1.83E-04,2.96000004
,,,1.83E-04,-2.00E-02,,,,,1.83E-04,3.03999996
,,,1.84E-04,-2.00E-02,,,,,1.84E-04,2.96000004
,,,1.84E-04,0,,,,,1.84E-04,3.03999996
,,,1.84E-04,0,,,,,1.84E-04,2.96000004
,,,1.85E-04,0,,,,,1.85E-04,2.87999988
,,,1.85E-04,2.00E-02,,,,,1.85E-04,3.03999996
,,,1.86E-04,2.00E-02,,,,,1.86E-04,2.96000004
,,,1.86E-04,2.00E-02,,,,,1.86E-04,2.96000004
,,,1.86E-04,-4.00E-02,,,,,1.86E-04,2.96000004
,,,1.87E-04,0,,,,,1.87E-04,2.96000004
,,,1.87E-04,0,,,,,1.87E-04,2.87999988
,,,1.88E-04,-2.00E-02,,,,,1.88E-04,2.96000004
,,,1.88E-04,0,,,,,1.88E-04,2.87999988
,,,1.88E-04,0,,,,,1.88E-04,3.03999996
,,,1.89E-04,-4.00E-02,,,,,1.89E-04,2.96000004
,,,1.89E-04,0,,,,,1.89E-04,2.96000004
,,,1.90E-04,-2.00E-02,,,,,1.90E-04,2.87999988
,,,1.90E-04,-2.00E-02,,,,,1.90E-04,2.87999988
,,,1.90E-04,-2.00E-02,,,,,1.90E-04,2.96000004
,,,1.91E-04,0,,,,,1.91E-04,2.96000004
,,,1.91E-04,-2.00E-02,,,,,1.91E-04,3.03999996
,,,1.92E-04,0,,,,,1.92E-04,3.03999996
,,,1.92E-04,0,,,,,1.92E-04,2.87999988
,,,1.92E-04,0,,,,,1.92E-04,2.96000004
,,,1.93E-04,-2.00E-02,,,,,1.93E-04,2.87999988
,,,1.93E-04,0,,,,,1.93E-04,3.03999996
,,,1.94E-04,0,,,,,1.94E-04,2.87999988
,,,1.94E-04,0,,,,,1.94E-04,2.96000004
,,,1.94E-04,-2.00E-02,,,,,1.94E-04,2.96000004
,,,1.95E-04,0,,,,,1.95E-04,2.96000004
,,,1.95E-04,-2.00E-02,,,,,1.95E-04,2.96000004
,,,1.96E-04,-2.00E-02,,,,,1.96E-04,2.96000004
,,,1.96E-04,0,,,,,1.96E-04,2.96000004
,,,1.96E-04,-2.00E-02,,,,,1.96E-04,2.96000004
,,,1.97E-04,0,,,,,1.97E-04,2.87999988
,,,1.97E-04,-2.00E-02,,,,,1.97E-04,2.87999988
,,,1.98E-04,-2.00E-02,,,,,1.98E-04,2.87999988
,,,1.98E-04,-2.00E-02,,,,,1.98E-04,2.87999988
,,,1.98E-04,-2.00E-02,,,,,1.98E-04,2.96000004
,,,1.99E-04,0,,,,,1.99E-04,2.96000004
,,,1.99E-04,-4.00E-02,,,,,1.99E-04,2.87999988
,,,2.00E-04,0,,,,,2.00E-04,2.87999988
,,,2.00E-04,0,,,,,2.00E-04,2.96000004
,,,2.00E-04,0,,,,,2.00E-04,2.96000004
,,,2.01E-04,0,,,,,2.01E-04,2.96000004
,,,2.01E-04,0,,,,,2.01E-04,2.96000004
,,,2.02E-04,0,,,,,2.02E-04,2.96000004
,,,2.02E-04,0,,,,,2.02E-04,2.96000004
,,,2.02E-04,-4.00E-02,,,,,2.02E-04,2.87999988
,,,2.03E-04,-4.00E-02,,,,,2.03E-04,2.96000004
,,,2.03E-04,0,,,,,2.03E-04,2.96000004
,,,2.04E-04,0,,,,,2.04E-04,2.87999988
,,,2.04E-04,-2.00E-02,,,,,2.04E-04,2.96000004
,,,2.04E-04,-2.00E-02,,,,,2.04E-04,3.03999996
,,,2.05E-04,-2.00E-02,,,,,2.05E-04,2.87999988
,,,2.05E-04,0,,,,,2.05E-04,3.03999996
,,,2.06E-04,2.00E-02,,,,,2.06E-04,3.03999996
,,,2.06E-04,0,,,,,2.06E-04,2.96000004
,,,2.06E-04,-2.00E-02,,,,,2.06E-04,2.96000004
,,,2.07E-04,0,,,,,2.07E-04,3.03999996
,,,2.07E-04,-2.00E-02,,,,,2.07E-04,2.96000004
,,,2.08E-04,0,,,,,2.08E-04,2.87999988
,,,2.08E-04,0,,,,,2.08E-04,2.96000004
,,,2.08E-04,-2.00E-02,,,,,2.08E-04,2.87999988
,,,2.09E-04,0,,,,,2.09E-04,2.96000004
,,,2.09E-04,0,,,,,2.09E-04,2.87999988
,,,2.10E-04,-6.00E-02,,,,,2.10E-04,2.87999988
,,,2.10E-04,-2.00E-02,,,,,2.10E-04,2.96000004
,,,2.10E-04,0,,,,,2.10E-04,3.03999996
,,,2.11E-04,-2.00E-02,,,,,2.11E-04,3.03999996
,,,2.11E-04,-2.00E-02,,,,,2.11E-04,3.03999996
,,,2.12E-04,0,,,,,2.12E-04,2.96000004
,,,2.12E-04,-2.00E-02,,,,,2.12E-04,2.96000004
,,,2.12E-04,0,,,,,2.12E-04,2.87999988
,,,2.13E-04,-2.00E-02,,,,,2.13E-04,2.96000004
,,,2.13E-04,0,,,,,2.13E-04,3.03999996
,,,2.14E-04,0,,,,,2.14E-04,2.87999988
,,,2.14E-04,-2.00E-02,,,,,2.14E-04,2.96000004
,,,2.14E-04,0,,,,,2.14E-04,2.87999988
,,,2.15E-04,0,,,,,2.15E-04,2.87999988
,,,2.15E-04,-2.00E-02,,,,,2.15E-04,2.87999988
,,,2.16E-04,-2.00E-02,,,,,2.16E-04,3.03999996
,,,2.16E-04,0,,,,,2.16E-04,3.03999996
,,,2.16E-04,-4.00E-02,,,,,2.16E-04,3.03999996
,,,2.17E-04,0,,,,,2.17E-04,2.96000004
,,,2.17E-04,-2.00E-02,,,,,2.17E-04,2.96000004
,,,2.18E-04,0,,,,,2.18E-04,2.87999988
,,,2.18E-04,-4.00E-02,,,,,2.18E-04,2.96000004
,,,2.18E-04,0,,,,,2.18E-04,2.96000004
,,,2.19E-04,-4.00E-02,,,,,2.19E-04,3.03999996
,,,2.19E-04,0,,,,,2.19E-04,2.87999988
,,,2.20E-04,-2.00E-02,,,,,2.20E-04,2.87999988
,,,2.20E-04,2.00E-02,,,,,2.20E-04,3.03999996
,,,2.20E-04,0,,,,,2.20E-04,2.96000004
,,,2.21E-04,0,,,,,2.21E-04,2.96000004
,,,2.21E-04,-2.00E-02,,,,,2.21E-04,2.96000004
,,,2.22E-04,0,,,,,2.22E-04,3.03999996
,,,2.22E-04,2.00E-02,,,,,2.22E-04,2.87999988
,,,2.22E-04,-2.00E-02,,,,,2.22E-04,2.96000004
,,,2.23E-04,-6.00E-02,,,,,2.23E-04,3.03999996
,,,2.23E-04,-4.00E-02,,,,,2.23E-04,2.96000004
,,,2.24E-04,0,,,,,2.24E-04,3.03999996
,,,2.24E-04,-2.00E-02,,,,,2.24E-04,2.96000004
,,,2.24E-04,-4.00E-02,,,,,2.24E-04,2.96000004
,,,2.25E-04,4.00E-02,,,,,2.25E-04,3.03999996
,,,2.25E-04,0,,,,,2.25E-04,2.96000004
,,,2.26E-04,-2.00E-02,,,,,2.26E-04,3.03999996
,,,2.26E-04,-4.00E-02,,,,,2.26E-04,2.96000004
,,,2.26E-04,2.00E-02,,,,,2.26E-04,2.96000004
,,,2.27E-04,2.00E-02,,,,,2.27E-04,2.87999988
,,,2.27E-04,-4.00E-02,,,,,2.27E-04,3.03999996
,,,2.28E-04,0,,,,,2.28E-04,2.87999988
,,,2.28E-04,0,,,,,2.28E-04,2.96000004
,,,2.28E-04,-2.00E-02,,,,,2.28E-04,2.87999988
,,,2.29E-04,2.00E-02,,,,,2.29E-04,2.96000004
,,,2.29E-04,0,,,,,2.29E-04,2.96000004
,,,2.30E-04,2.00E-02,,,,,2.30E-04,3.03999996
,,,2.30E-04,2.00E-02,,,,,2.30E-04,2.96000004
,,,2.30E-04,0,,,,,2.30E-04,2.96000004
,,,2.31E-04,2.00E-02,,,,,2.31E-04,2.96000004
,,,2.31E-04,0,,,,,2.31E-04,3.03999996
,,,2.32E-04,2.00E-02,,,,,2.32E-04,3.03999996
,,,2.32E-04,4.00E-02,,,,,2.32E-04,2.87999988
,,,2.32E-04,0,,,,,2.32E-04,2.96000004
,,,2.33E-04,0,,,,,2.33E-04,3.03999996
,,,2.33E-04,4.00E-02,,,,,2.33E-04,2.96000004
,,,2.34E-04,2.00E-02,,,,,2.34E-04,2.96000004
,,,2.34E-04,2.00E-02,,,,,2.34E-04,2.96000004
,,,2.34E-04,2.00E-02,,,,,2.34E-04,2.96000004
,,,2.35E-04,4.00E-02,,,,,2.35E-04,2.96000004
,,,2.35E-04,2.00E-02,,,,,2.35E-04,2.96000004
,,,2.36E-04,6.00E-02,,,,,2.36E-04,3.03999996
,,,2.36E-04,2.00E-02,,,,,2.36E-04,3.03999996
,,,2.36E-04,2.00E-02,,,,,2.36E-04,2.96000004
,,,2.37E-04,2.00E-02,,,,,2.37E-04,2.96000004
,,,2.37E-04,0,,,,,2.37E-04,2.96000004
,,,2.38E-04,2.00E-02,,,,,2.38E-04,2.87999988
,,,2.38E-04,2.00E-02,,,,,2.38E-04,2.96000004
,,,2.38E-04,4.00E-02,,,,,2.38E-04,2.87999988
,,,2.39E-04,4.00E-02,,,,,2.39E-04,2.96000004
,,,2.39E-04,4.00E-02,,,,,2.39E-04,2.96000004
,,,2.40E-04,6.00E-02,,,,,2.40E-04,2.96000004
,,,2.40E-04,4.00E-02,,,,,2.40E-04,3.03999996
,,,2.40E-04,4.00E-02,,,,,2.40E-04,3.03999996
,,,2.41E-04,4.00E-02,,,,,2.41E-04,2.96000004
,,,2.41E-04,2.00E-02,,,,,2.41E-04,3.03999996
,,,2.42E-04,6.00E-02,,,,,2.42E-04,2.96000004
,,,2.42E-04,2.00E-02,,,,,2.42E-04,2.87999988
,,,2.42E-04,4.00E-02,,,,,2.42E-04,2.96000004
,,,2.43E-04,8.00E-02,,,,,2.43E-04,3.03999996
,,,2.43E-04,8.00E-02,,,,,2.43E-04,2.87999988
,,,2.44E-04,6.00E-02,,,,,2.44E-04,2.96000004
,,,2.44E-04,6.00E-02,,,,,2.44E-04,2.87999988
,,,2.44E-04,8.00E-02,,,,,2.44E-04,2.96000004
,,,2.45E-04,1.00E-01,,,,,2.45E-04,2.96000004
,,,2.45E-04,8.00E-02,,,,,2.45E-04,3.03999996
,,,2.46E-04,6.00E-02,,,,,2.46E-04,2.96000004
,,,2.46E-04,6.00E-02,,,,,2.46E-04,2.96000004
,,,2.46E-04,8.00E-02,,,,,2.46E-04,3.03999996
,,,2.47E-04,8.00E-02,,,,,2.47E-04,2.96000004
,,,2.47E-04,8.00E-02,,,,,2.47E-04,2.96000004
,,,2.48E-04,8.00E-02,,,,,2.48E-04,3.03999996
,,,2.48E-04,6.00E-02,,,,,2.48E-04,2.96000004
,,,2.48E-04,1.00E-01,,,,,2.48E-04,2.96000004
,,,2.49E-04,8.00E-02,,,,,2.49E-04,2.96000004
,,,2.49E-04,4.00E-02,,,,,2.49E-04,2.87999988
,,,2.50E-04,8.00E-02,,,,,2.50E-04,2.96000004
,,,2.50E-04,8.00E-02,,,,,2.50E-04,2.96000004
,,,2.50E-04,8.00E-02,,,,,2.50E-04,2.87999988
,,,2.51E-04,1.20E-01,,,,,2.51E-04,2.96000004
,,,2.51E-04,1.20E-01,,,,,2.51E-04,3.03999996
,,,2.52E-04,1.00E-01,,,,,2.52E-04,3.03999996
,,,2.52E-04,1.20E-01,,,,,2.52E-04,2.87999988
,,,2.52E-04,6.00E-02,,,,,2.52E-04,2.96000004
,,,2.53E-04,8.00E-02,,,,,2.53E-04,3.03999996
,,,2.53E-04,1.00E-01,,,,,2.53E-04,2.87999988
,,,2.54E-04,8.00E-02,,,,,2.54E-04,2.96000004
,,,2.54E-04,1.00E-01,,,,,2.54E-04,2.87999988
,,,2.54E-04,1.20E-01,,,,,2.54E-04,3.03999996
,,,2.55E-04,1.00E-01,,,,,2.55E-04,3.03999996
,,,2.55E-04,1.00E-01,,,,,2.55E-04,2.96000004
,,,2.56E-04,1.40E-01,,,,,2.56E-04,2.96000004
,,,2.56E-04,1.20E-01,,,,,2.56E-04,2.96000004
,,,2.56E-04,1.20E-01,,,,,2.56E-04,2.96000004
,,,2.57E-04,1.20E-01,,,,,2.57E-04,3.03999996
,,,2.57E-04,1.40E-01,,,,,2.57E-04,2.87999988
,,,2.58E-04,1.20E-01,,,,,2.58E-04,2.96000004
,,,2.58E-04,1.60E-01,,,,,2.58E-04,2.87999988
,,,2.58E-04,1.20E-01,,,,,2.58E-04,3.03999996
,,,2.59E-04,1.40E-01,,,,,2.59E-04,2.96000004
,,,2.59E-04,1.20E-01,,,,,2.59E-04,2.96000004
,,,2.60E-04,1.60E-01,,,,,2.60E-04,2.96000004
,,,2.60E-04,1.60E-01,,,,,2.60E-04,3.03999996
,,,2.60E-04,1.60E-01,,,,,2.60E-04,2.96000004
,,,2.61E-04,1.00E-01,,,,,2.61E-04,3.03999996
,,,2.61E-04,1.80E-01,,,,,2.61E-04,3.03999996
,,,2.62E-04,1.80E-01,,,,,2.62E-04,2.96000004
,,,2.62E-04,1.40E-01,,,,,2.62E-04,2.87999988
,,,2.62E-04,1.60E-01,,,,,2.62E-04,2.87999988
,,,2.63E-04,1.40E-01,,,,,2.63E-04,3.03999996
,,,2.63E-04,1.80E-01,,,,,2.63E-04,2.96000004
,,,2.64E-04,1.80E-01,,,,,2.64E-04,2.96000004
,,,2.64E-04,1.60E-01,,,,,2.64E-04,2.96000004
,,,2.64E-04,2.20E-01,,,,,2.64E-04,2.87999988
,,,2.65E-04,2.00E-01,,,,,2.65E-04,2.96000004
,,,2.65E-04,2.20E-01,,,,,2.65E-04,3.03999996
,,,2.66E-04,1.80E-01,,,,,2.66E-04,2.96000004
,,,2.66E-04,2.20E-01,,,,,2.66E-04,2.96000004
,,,2.66E-04,2.40E-01,,,,,2.66E-04,2.96000004
,,,2.67E-04,2.00E-01,,,,,2.67E-04,2.96000004
,,,2.67E-04,2.20E-01,,,,,2.67E-04,2.87999988
,,,2.68E-04,2.20E-01,,,,,2.68E-04,3.03999996
,,,2.68E-04,2.00E-01,,,,,2.68E-04,3.03999996
,,,2.68E-04,2.20E-01,,,,,2.68E-04,2.96000004
,,,2.69E-04,2.20E-01,,,,,2.69E-04,2.87999988
,,,2.69E-04,2.20E-01,,,,,2.69E-04,3.03999996
,,,2.70E-04,2.40E-01,,,,,2.70E-04,2.96000004
,,,2.70E-04,2.40E-01,,,,,2.70E-04,2.96000004
,,,2.70E-04,2.40E-01,,,,,2.70E-04,2.96000004
,,,2.71E-04,2.20E-01,,,,,2.71E-04,3.03999996
,,,2.71E-04,2.40E-01,,,,,2.71E-04,2.96000004
,,,2.72E-04,2.40E-01,,,,,2.72E-04,3.03999996
,,,2.72E-04,2.60E-01,,,,,2.72E-04,2.87999988
,,,2.72E-04,2.20E-01,,,,,2.72E-04,3.03999996
,,,2.73E-04,2.40E-01,,,,,2.73E-04,2.96000004
,,,2.73E-04,2.60E-01,,,,,2.73E-04,2.96000004
,,,2.74E-04,2.60E-01,,,,,2.74E-04,3.03999996
,,,2.74E-04,2.80E-01,,,,,2.74E-04,2.96000004
,,,2.74E-04,3.00E-01,,,,,2.74E-04,2.96000004
,,,2.75E-04,2.60E-01,,,,,2.75E-04,2.96000004
,,,2.75E-04,2.80E-01,,,,,2.75E-04,2.87999988
,,,2.76E-04,2.60E-01,,,,,2.76E-04,3.03999996
,,,2.76E-04,3.20E-01,,,,,2.76E-04,3.03999996
,,,2.76E-04,3.00E-01,,,,,2.76E-04,2.96000004
,,,2.77E-04,2.80E-01,,,,,2.77E-04,3.03999996
,,,2.77E-04,2.80E-01,,,,,2.77E-04,2.87999988
,,,2.78E-04,3.00E-01,,,,,2.78E-04,3.03999996
,,,2.78E-04,3.00E-01,,,,,2.78E-04,2.87999988
,,,2.78E-04,3.00E-01,,,,,2.78E-04,2.87999988
,,,2.79E-04,3.00E-01,,,,,2.79E-04,2.96000004
,,,2.79E-04,3.20E-01,,,,,2.79E-04,3.03999996
,,,2.80E-04,3.20E-01,,,,,2.80E-04,2.96000004
,,,2.80E-04,3.60E-01,,,,,2.80E-04,2.96000004
,,,2.80E-04,3.20E-01,,,,,2.80E-04,2.96000004
,,,2.81E-04,3.20E-01,,,,,2.81E-04,2.96000004
,,,2.81E-04,3.20E-01,,,,,2.81E-04,3.03999996
,,,2.82E-04,3.20E-01,,,,,2.82E-04,2.96000004
,,,2.82E-04,3.60E-01,,,,,2.82E-04,2.87999988
,,,2.82E-04,3.40E-01,,,,,2.82E-04,2.96000004
,,,2.83E-04,3.40E-01,,,,,2.83E-04,2.96000004
,,,2.83E-04,3.60E-01,,,,,2.83E-04,2.96000004
,,,2.84E-04,3.60E-01,,,,,2.84E-04,2.87999988
,,,2.84E-04,3.60E-01,,,,,2.84E-04,3.03999996
,,,2.84E-04,4.00E-01,,,,,2.84E-04,3.03999996
,,,2.85E-04,4.00E-01,,,,,2.85E-04,3.03999996
,,,2.85E-04,3.60E-01,,,,,2.85E-04,2.96000004
,,,2.86E-04,3.60E-01,,,,,2.86E-04,2.96000004
,,,2.86E-04,4.00E-01,,,,,2.86E-04,2.96000004
,,,2.86E-04,3.80E-01,,,,,2.86E-04,3.03999996
,,,2.87E-04,4.20E-01,,,,,2.87E-04,2.87999988
,,,2.87E-04,4.00E-01,,,,,2.87E-04,2.96000004
,,,2.88E-04,4.00E-01,,,,,2.88E-04,2.96000004
,,,2.88E-04,4.00E-01,,,,,2.88E-04,3.03999996
,,,2.88E-04,4.40E-01,,,,,2.88E-04,2.87999988
,,,2.89E-04,3.80E-01,,,,,2.89E-04,2.96000004
,,,2.89E-04,4.40E-01,,,,,2.89E-04,3.03999996
,,,2.90E-04,4.40E-01,,,,,2.90E-04,2.96000004
,,,2.90E-04,4.20E-01,,,,,2.90E-04,2.96000004
,,,2.90E-04,4.60E-01,,,,,2.90E-04,3.03999996
,,,2.91E-04,4.40E-01,,,,,2.91E-04,2.96000004
,,,2.91E-04,4.00E-01,,,,,2.91E-04,3.03999996
,,,2.92E-04,4.40E-01,,,,,2.92E-04,2.87999988
,,,2.92E-04,4.20E-01,,,,,2.92E-04,2.79999995
,,,2.92E-04,4.40E-01,,,,,2.92E-04,2.96000004
,,,2.93E-04,4.40E-01,,,,,2.93E-04,2.96000004
,,,2.93E-04,4.60E-01,,,,,2.93E-04,2.96000004
,,,2.94E-04,4.60E-01,,,,,2.94E-04,2.96000004
,,,2.94E-04,5.00E-01,,,,,2.94E-04,2.96000004
,,,2.94E-04,4.80E-01,,,,,2.94E-04,2.87999988
,,,2.95E-04,4.80E-01,,,,,2.95E-04,3.03999996
,,,2.95E-04,4.80E-01,,,,,2.95E-04,2.96000004
,,,2.96E-04,4.80E-01,,,,,2.96E-04,3.03999996
,,,2.96E-04,5.00E-01,,,,,2.96E-04,2.96000004
,,,2.96E-04,5.00E-01,,,,,2.96E-04,2.96000004
,,,2.97E-04,5.20E-01,,,,,2.97E-04,2.96000004
,,,2.97E-04,5.00E-01,,,,,2.97E-04,3.03999996
,,,2.98E-04,5.00E-01,,,,,2.98E-04,2.87999988
,,,2.98E-04,5.20E-01,,,,,2.98E-04,2.96000004
,,,2.98E-04,5.40E-01,,,,,2.98E-04,2.87999988
,,,2.99E-04,5.20E-01,,,,,2.99E-04,2.96000004
,,,2.99E-04,5.40E-01,,,,,2.99E-04,2.87999988
,,,3.00E-04,5.40E-01,,,,,3.00E-04,3.03999996
,,,3.00E-04,5.60E-01,,,,,3.00E-04,3.03999996
,,,3.00E-04,5.20E-01,,,,,3.00E-04,2.96000004
,,,3.01E-04,5.60E-01,,,,,3.01E-04,2.96000004
,,,3.01E-04,5.80E-01,,,,,3.01E-04,2.87999988
,,,3.02E-04,5.40E-01,,,,,3.02E-04,2.87999988
,,,3.02E-04,5.60E-01,,,,,3.02E-04,2.87999988
,,,3.02E-04,5.40E-01,,,,,3.02E-04,2.96000004
,,,3.03E-04,5.80E-01,,,,,3.03E-04,2.96000004
,,,3.03E-04,5.80E-01,,,,,3.03E-04,3.03999996
,,,3.04E-04,5.80E-01,,,,,3.04E-04,2.87999988
,,,3.04E-04,6.20E-01,,,,,3.04E-04,2.96000004
,,,3.04E-04,6.00E-01,,,,,3.04E-04,2.96000004
,,,3.05E-04,6.20E-01,,,,,3.05E-04,2.96000004
,,,3.05E-04,6.00E-01,,,,,3.05E-04,3.03999996
,,,3.06E-04,6.20E-01,,,,,3.06E-04,2.96000004
,,,3.06E-04,6.20E-01,,,,,3.06E-04,2.96000004
,,,3.06E-04,6.20E-01,,,,,3.06E-04,2.87999988
,,,3.07E-04,6.60E-01,,,,,3.07E-04,3.03999996
,,,3.07E-04,6.40E-01,,,,,3.07E-04,3.03999996
,,,3.08E-04,6.20E-01,,,,,3.08E-04,2.96000004
,,,3.08E-04,6.60E-01,,,,,3.08E-04,2.96000004
,,,3.08E-04,6.60E-01,,,,,3.08E-04,2.96000004
,,,3.09E-04,6.80E-01,,,,,3.09E-04,3.03999996
,,,3.09E-04,6.80E-01,,,,,3.09E-04,2.96000004
,,,3.10E-04,6.80E-01,,,,,3.10E-04,2.96000004
,,,3.10E-04,6.80E-01,,,,,3.10E-04,2.96000004
,,,3.10E-04,6.80E-01,,,,,3.10E-04,3.03999996
,,,3.11E-04,7.00E-01,,,,,3.11E-04,2.96000004
,,,3.11E-04,7.00E-01,,,,,3.11E-04,3.03999996
,,,3.12E-04,7.20E-01,,,,,3.12E-04,2.87999988
,,,3.12E-04,7.00E-01,,,,,3.12E-04,2.96000004
,,,3.12E-04,7.00E-01,,,,,3.12E-04,3.03999996
,,,3.13E-04,7.20E-01,,,,,3.13E-04,2.87999988
,,,3.13E-04,7.00E-01,,,,,3.13E-04,3.03999996
,,,3.14E-04,7.60E-01,,,,,3.14E-04,2.96000004
,,,3.14E-04,7.40E-01,,,,,3.14E-04,3.03999996
,,,3.14E-04,7.80E-01,,,,,3.14E-04,2.96000004
,,,3.15E-04,7.60E-01,,,,,3.15E-04,3.03999996
,,,3.15E-04,7.60E-01,,,,,3.15E-04,2.96000004
,,,3.16E-04,7.60E-01,,,,,3.16E-04,2.96000004
,,,3.16E-04,7.60E-01,,,,,3.16E-04,3.03999996
,,,3.16E-04,8.00E-01,,,,,3.16E-04,2.96000004
,,,3.17E-04,7.80E-01,,,,,3.17E-04,2.96000004
,,,3.17E-04,8.00E-01,,,,,3.17E-04,2.96000004
,,,3.18E-04,8.20E-01,,,,,3.18E-04,2.96000004
,,,3.18E-04,8.20E-01,,,,,3.18E-04,2.96000004
,,,3.18E-04,8.20E-01,,,,,3.18E-04,3.03999996
,,,3.19E-04,8.20E-01,,,,,3.19E-04,3.03999996
,,,3.19E-04,8.20E-01,,,,,3.19E-04,2.96000004
,,,3.20E-04,8.20E-01,,,,,3.20E-04,3.03999996
,,,3.20E-04,8.40E-01,,,,,3.20E-04,2.96000004
,,,3.20E-04,8.40E-01,,,,,3.20E-04,3.03999996
,,,3.21E-04,8.40E-01,,,,,3.21E-04,3.03999996
,,,3.21E-04,8.20E-01,,,,,3.21E-04,2.96000004
,,,3.22E-04,8.40E-01,,,,,3.22E-04,2.96000004
,,,3.22E-04,8.60E-01,,,,,3.22E-04,3.03999996
,,,3.22E-04,8.80E-01,,,,,3.22E-04,2.96000004
,,,3.23E-04,9.00E-01,,,,,3.23E-04,2.96000004
,,,3.23E-04,8.80E-01,,,,,3.23E-04,3.03999996
,,,3.24E-04,8.80E-01,,,,,3.24E-04,2.96000004
,,,3.24E-04,9.00E-01,,,,,3.24E-04,2.96000004
,,,3.24E-04,9.00E-01,,,,,3.24E-04,2.96000004
,,,3.25E-04,9.00E-01,,,,,3.25E-04,2.96000004
,,,3.25E-04,9.00E-01,,,,,3.25E-04,2.96000004
,,,3.26E-04,9.20E-01,,,,,3.26E-04,2.96000004
,,,3.26E-04,9.00E-01,,,,,3.26E-04,2.96000004
,,,3.26E-04,9.40E-01,,,,,3.26E-04,2.87999988
,,,3.27E-04,9.40E-01,,,,,3.27E-04,2.87999988
,,,3.27E-04,9.40E-01,,,,,3.27E-04,3.03999996
,,,3.28E-04,9.40E-01,,,,,3.28E-04,3.03999996
,,,3.28E-04,9.60E-01,,,,,3.28E-04,2.96000004
,,,3.28E-04,9.20E-01,,,,,3.28E-04,2.96000004
,,,3.29E-04,9.80E-01,,,,,3.29E-04,3.03999996
,,,3.29E-04,9.80E-01,,,,,3.29E-04,2.96000004
,,,3.30E-04,9.60E-01,,,,,3.30E-04,2.96000004
,,,3.30E-04,1,,,,,3.30E-04,2.96000004
,,,3.30E-04,1,,,,,3.30E-04,3.03999996
,,,3.31E-04,1,,,,,3.31E-04,3.03999996
,,,3.31E-04,1,,,,,3.31E-04,2.87999988
,,,3.32E-04,9.80E-01,,,,,3.32E-04,2.96000004
,,,3.32E-04,1.04,,,,,3.32E-04,3.03999996
,,,3.32E-04,1.02,,,,,3.32E-04,2.96000004
,,,3.33E-04,1,,,,,3.33E-04,3.03999996
,,,3.33E-04,1.04,,,,,3.33E-04,2.96000004
,,,3.34E-04,1.04,,,,,3.34E-04,2.96000004
,,,3.34E-04,1.0799999,,,,,3.34E-04,2.96000004
,,,3.34E-04,1.0599999,,,,,3.34E-04,3.03999996
,,,3.35E-04,1.0599999,,,,,3.35E-04,2.96000004
,,,3.35E-04,1.04,,,,,3.35E-04,3.03999996
,,,3.36E-04,1.1,,,,,3.36E-04,2.96000004
,,,3.36E-04,1.0799999,,,,,3.36E-04,2.96000004
,,,3.36E-04,1.1,,,,,3.36E-04,2.96000004
,,,3.37E-04,1.1,,,,,3.37E-04,2.96000004
,,,3.37E-04,1.1,,,,,3.37E-04,2.96000004
,,,3.38E-04,1.1,,,,,3.38E-04,2.96000004
,,,3.38E-04,1.12,,,,,3.38E-04,2.87999988
,,,3.38E-04,1.16,,,,,3.38E-04,2.96000004
,,,3.39E-04,1.14,,,,,3.39E-04,2.96000004
,,,3.39E-04,1.1799999,,,,,3.39E-04,2.96000004
,,,3.40E-04,1.14,,,,,3.40E-04,2.96000004
,,,3.40E-04,1.16,,,,,3.40E-04,3.03999996
,,,3.40E-04,1.16,,,,,3.40E-04,2.96000004
,,,3.41E-04,1.1999999,,,,,3.41E-04,2.87999988
,,,3.41E-04,1.1799999,,,,,3.41E-04,2.96000004
,,,3.42E-04,1.16,,,,,3.42E-04,2.96000004
,,,3.42E-04,1.16,,,,,3.42E-04,3.03999996
,,,3.42E-04,1.1999999,,,,,3.42E-04,2.96000004
,,,3.43E-04,1.22,,,,,3.43E-04,2.96000004
,,,3.43E-04,1.1999999,,,,,3.43E-04,2.96000004
,,,3.44E-04,1.22,,,,,3.44E-04,2.87999988
,,,3.44E-04,1.24,,,,,3.44E-04,2.96000004
,,,3.44E-04,1.24,,,,,3.44E-04,2.96000004
,,,3.45E-04,1.22,,,,,3.45E-04,3.03999996
,,,3.45E-04,1.24,,,,,3.45E-04,2.96000004
,,,3.46E-04,1.28,,,,,3.46E-04,3.03999996
,,,3.46E-04,1.24,,,,,3.46E-04,2.96000004
,,,3.46E-04,1.3,,,,,3.46E-04,2.96000004
,,,3.47E-04,1.3,,,,,3.47E-04,2.96000004
,,,3.47E-04,1.28,,,,,3.47E-04,3.03999996
,,,3.48E-04,1.3,,,,,3.48E-04,2.96000004
,,,3.48E-04,1.3,,,,,3.48E-04,2.96000004
,,,3.48E-04,1.3399999,,,,,3.48E-04,2.96000004
,,,3.49E-04,1.3399999,,,,,3.49E-04,2.87999988
,,,3.49E-04,1.3199999,,,,,3.49E-04,2.96000004
,,,3.50E-04,1.3199999,,,,,3.50E-04,2.96000004
,,,3.50E-04,1.3399999,,,,,3.50E-04,3.03999996
,,,3.50E-04,1.3399999,,,,,3.50E-04,2.96000004
,,,3.51E-04,1.38,,,,,3.51E-04,2.96000004
,,,3.51E-04,1.36,,,,,3.51E-04,2.96000004
,,,3.52E-04,1.36,,,,,3.52E-04,3.03999996
,,,3.52E-04,1.38,,,,,3.52E-04,2.96000004
,,,3.52E-04,1.4,,,,,3.52E-04,2.96000004
,,,3.53E-04,1.38,,,,,3.53E-04,2.96000004
,,,3.53E-04,1.42,,,,,3.53E-04,2.96000004
,,,3.54E-04,1.4,,,,,3.54E-04,2.96000004
,,,3.54E-04,1.42,,,,,3.54E-04,2.87999988
,,,3.54E-04,1.42,,,,,3.54E-04,2.96000004
,,,3.55E-04,1.4599999,,,,,3.55E-04,2.96000004
,,,3.55E-04,1.42,,,,,3.55E-04,3.03999996
,,,3.56E-04,1.4599999,,,,,3.56E-04,2.96000004
,,,3.56E-04,1.42,,,,,3.56E-04,2.96000004
,,,3.56E-04,1.48,,,,,3.56E-04,2.87999988
,,,3.57E-04,1.4599999,,,,,3.57E-04,2.96000004
,,,3.57E-04,1.5,,,,,3.57E-04,2.87999988
,,,3.58E-04,1.48,,,,,3.58E-04,2.96000004
,,,3.58E-04,1.5,,,,,3.58E-04,2.96000004
,,,3.58E-04,1.5,,,,,3.58E-04,2.96000004
,,,3.59E-04,1.52,,,,,3.59E-04,2.96000004
,,,3.59E-04,1.52,,,,,3.59E-04,2.87999988
,,,3.60E-04,1.5,,,,,3.60E-04,2.96000004
,,,3.60E-04,1.54,,,,,3.60E-04,3.03999996
,,,3.60E-04,1.54,,,,,3.60E-04,2.96000004
,,,3.61E-04,1.54,,,,,3.61E-04,2.96000004
,,,3.61E-04,1.54,,,,,3.61E-04,2.96000004
,,,3.62E-04,1.5599999,,,,,3.62E-04,3.11999989
,,,3.62E-04,1.5599999,,,,,3.62E-04,2.87999988
,,,3.62E-04,1.5999999,,,,,3.62E-04,3.03999996
,,,3.63E-04,1.5599999,,,,,3.63E-04,3.03999996
,,,3.63E-04,1.5799999,,,,,3.63E-04,2.96000004
,,,3.64E-04,1.5799999,,,,,3.64E-04,3.03999996
,,,3.64E-04,1.5999999,,,,,3.64E-04,3.03999996
,,,3.64E-04,1.62,,,,,3.64E-04,3.03999996
,,,3.65E-04,1.5999999,,,,,3.65E-04,2.96000004
,,,3.65E-04,1.5999999,,,,,3.65E-04,2.96000004
,,,3.66E-04,1.62,,,,,3.66E-04,2.96000004
,,,3.66E-04,1.64,,,,,3.66E-04,2.96000004
,,,3.66E-04,1.66,,,,,3.66E-04,2.96000004
,,,3.67E-04,1.6799999,,,,,3.67E-04,2.96000004
,,,3.67E-04,1.64,,,,,3.67E-04,2.96000004
,,,3.68E-04,1.66,,,,,3.68E-04,2.96000004
,,,3.68E-04,1.66,,,,,3.68E-04,3.03999996
,,,3.68E-04,1.6999999,,,,,3.68E-04,3.03999996
,,,3.69E-04,1.6999999,,,,,3.69E-04,2.96000004
,,,3.69E-04,1.6799999,,,,,3.69E-04,2.96000004
,,,3.70E-04,1.7199999,,,,,3.70E-04,2.96000004
,,,3.70E-04,1.6999999,,,,,3.70E-04,3.03999996
,,,3.70E-04,1.7199999,,,,,3.70E-04,2.96000004
,,,3.71E-04,1.7199999,,,,,3.71E-04,2.96000004
,,,3.71E-04,1.6999999,,,,,3.71E-04,2.87999988
,,,3.72E-04,1.74,,,,,3.72E-04,3.03999996
,,,3.72E-04,1.76,,,,,3.72E-04,2.96000004
,,,3.72E-04,1.76,,,,,3.72E-04,2.96000004
,,,3.73E-04,1.76,,,,,3.73E-04,2.87999988
,,,3.73E-04,1.78,,,,,3.73E-04,2.96000004
,,,3.74E-04,1.78,,,,,3.74E-04,2.96000004
,,,3.74E-04,1.76,,,,,3.74E-04,3.03999996
,,,3.74E-04,1.8,,,,,3.74E-04,2.96000004
,,,3.75E-04,1.78,,,,,3.75E-04,3.03999996
,,,3.75E-04,1.8199999,,,,,3.75E-04,2.96000004
,,,3.76E-04,1.78,,,,,3.76E-04,2.96000004
,,,3.76E-04,1.8,,,,,3.76E-04,2.87999988
,,,3.76E-04,1.8199999,,,,,3.76E-04,2.96000004
,,,3.77E-04,1.8399999,,,,,3.77E-04,2.87999988
,,,3.77E-04,1.8399999,,,,,3.77E-04,3.03999996
,,,3.78E-04,1.88,,,,,3.78E-04,2.96000004
,,,3.78E-04,1.8399999,,,,,3.78E-04,2.96000004
,,,3.78E-04,1.86,,,,,3.78E-04,3.03999996
,,,3.79E-04,1.88,,,,,3.79E-04,2.96000004
,,,3.79E-04,1.88,,,,,3.79E-04,2.96000004
,,,3.80E-04,1.86,,,,,3.80E-04,3.03999996
,,,3.80E-04,1.9,,,,,3.80E-04,3.03999996
,,,3.80E-04,1.92,,,,,3.80E-04,2.96000004
,,,3.81E-04,1.88,,,,,3.81E-04,2.96000004
,,,3.81E-04,1.92,,,,,3.81E-04,2.96000004
,,,3.82E-04,1.92,,,,,3.82E-04,3.03999996
,,,3.82E-04,1.92,,,,,3.82E-04,2.96000004
,,,3.82E-04,1.9399999,,,,,3.82E-04,2.96000004
,,,3.83E-04,1.9599999,,,,,3.83E-04,2.96000004
,,,3.83E-04,1.9599999,,,,,3.83E-04,2.96000004
,,,3.84E-04,1.9799999,,,,,3.84E-04,2.96000004
,,,3.84E-04,1.9599999,,,,,3.84E-04,2.96000004
,,,3.84E-04,1.9399999,,,,,3.84E-04,3.03999996
,,,3.85E-04,2,,,,,3.85E-04,3.11999989
,,,3.85E-04,2,,,,,3.85E-04,2.96000004
,,,3.86E-04,2,,,,,3.86E-04,2.87999988
,,,3.86E-04,2.02,,,,,3.86E-04,2.96000004
,,,3.86E-04,2,,,,,3.86E-04,2.96000004
,,,3.87E-04,2.04,,,,,3.87E-04,2.87999988
,,,3.87E-04,2.04,,,,,3.87E-04,2.96000004
,,,3.88E-04,2.04,,,,,3.88E-04,2.96000004
,,,3.88E-04,2.0599999,,,,,3.88E-04,3.03999996
,,,3.88E-04,2.0599999,,,,,3.88E-04,3.03999996
,,,3.89E-04,2.04,,,,,3.89E-04,2.96000004
,,,3.89E-04,2.0799999,,,,,3.89E-04,3.03999996
,,,3.90E-04,2.0799999,,,,,3.90E-04,3.11999989
,,,3.90E-04,2.0799999,,,,,3.90E-04,3.03999996
,,,3.90E-04,2.0799999,,,,,3.90E-04,2.96000004
,,,3.91E-04,2.0799999,,,,,3.91E-04,2.96000004
,,,3.91E-04,2.0999999,,,,,3.91E-04,3.03999996
,,,3.92E-04,2.1199999,,,,,3.92E-04,3.03999996
,,,3.92E-04,2.1199999,,,,,3.92E-04,2.96000004
,,,3.92E-04,2.1599998,,,,,3.92E-04,2.96000004
,,,3.93E-04,2.1599998,,,,,3.93E-04,2.96000004
,,,3.93E-04,2.1399999,,,,,3.93E-04,2.96000004
,,,3.94E-04,2.1599998,,,,,3.94E-04,2.96000004
,,,3.94E-04,2.1399999,,,,,3.94E-04,3.03999996
,,,3.94E-04,2.1800001,,,,,3.94E-04,2.96000004
,,,3.95E-04,2.1800001,,,,,3.95E-04,3.03999996
,,,3.95E-04,2.1599998,,,,,3.95E-04,2.96000004
,,,3.96E-04,2.1599998,,,,,3.96E-04,2.87999988
,,,3.96E-04,2.2,,,,,3.96E-04,2.96000004
,,,3.96E-04,2.2,,,,,3.96E-04,2.87999988
,,,3.97E-04,2.2,,,,,3.97E-04,2.87999988
,,,3.97E-04,2.22,,,,,3.97E-04,3.03999996
,,,3.98E-04,2.24,,,,,3.98E-04,3.03999996
,,,3.98E-04,2.22,,,,,3.98E-04,2.96000004
,,,3.98E-04,2.26,,,,,3.98E-04,3.03999996
,,,3.99E-04,2.22,,,,,3.99E-04,2.96000004
,,,3.99E-04,2.26,,,,,3.99E-04,2.87999988
,,,4.00E-04,2.24,,,,,4.00E-04,3.03999996
,,,4.00E-04,2.28,,,,,4.00E-04,2.96000004
,,,4.00E-04,2.24,,,,,4.00E-04,2.96000004
,,,4.01E-04,2.28,,,,,4.01E-04,2.96000004
,,,4.01E-04,2.3,,,,,4.01E-04,3.03999996
,,,4.02E-04,2.3,,,,,4.02E-04,2.96000004
,,,4.02E-04,2.3,,,,,4.02E-04,2.87999988
,,,4.02E-04,2.3,,,,,4.02E-04,2.96000004
,,,4.03E-04,2.28,,,,,4.03E-04,3.03999996
,,,4.03E-04,2.3199999,,,,,4.03E-04,2.96000004
,,,4.04E-04,2.3399999,,,,,4.04E-04,3.03999996
,,,4.04E-04,2.3399999,,,,,4.04E-04,3.03999996
,,,4.04E-04,2.3399999,,,,,4.04E-04,3.03999996
,,,4.05E-04,2.3399999,,,,,4.05E-04,2.96000004
,,,4.05E-04,2.3599999,,,,,4.05E-04,2.96000004
,,,4.06E-04,2.3599999,,,,,4.06E-04,2.87999988
,,,4.06E-04,2.3999999,,,,,4.06E-04,2.96000004
,,,4.06E-04,2.3799999,,,,,4.06E-04,2.96000004
,,,4.07E-04,2.3999999,,,,,4.07E-04,2.96000004
,,,4.07E-04,2.3799999,,,,,4.07E-04,2.87999988
,,,4.08E-04,2.3799999,,,,,4.08E-04,2.87999988
,,,4.08E-04,2.3999999,,,,,4.08E-04,3.03999996
,,,4.08E-04,2.4199998,,,,,4.08E-04,2.96000004
,,,4.09E-04,2.3999999,,,,,4.09E-04,2.87999988
,,,4.09E-04,2.4400001,,,,,4.09E-04,2.96000004
,,,4.10E-04,2.4199998,,,,,4.10E-04,3.03999996
,,,4.10E-04,2.4400001,,,,,4.10E-04,3.03999996
,,,4.10E-04,2.4199998,,,,,4.10E-04,2.96000004
,,,4.11E-04,2.3999999,,,,,4.11E-04,2.96000004
,,,4.11E-04,2.4400001,,,,,4.11E-04,3.03999996
,,,4.12E-04,2.48,,,,,4.12E-04,2.96000004
,,,4.12E-04,2.48,,,,,4.12E-04,3.03999996
,,,4.12E-04,2.48,,,,,4.12E-04,2.96000004
,,,4.13E-04,2.48,,,,,4.13E-04,2.96000004
,,,4.13E-04,2.5,,,,,4.13E-04,2.87999988
,,,4.14E-04,2.46,,,,,4.14E-04,3.03999996
,,,4.14E-04,2.5,,,,,4.14E-04,2.96000004
,,,4.14E-04,2.5,,,,,4.14E-04,2.96000004
,,,4.15E-04,2.54,,,,,4.15E-04,2.96000004
,,,4.15E-04,2.54,,,,,4.15E-04,3.03999996
,,,4.16E-04,2.5599999,,,,,4.16E-04,2.96000004
,,,4.16E-04,2.54,,,,,4.16E-04,2.96000004
,,,4.16E-04,2.5599999,,,,,4.16E-04,2.96000004
,,,4.17E-04,2.5599999,,,,,4.17E-04,3.03999996
,,,4.17E-04,2.5599999,,,,,4.17E-04,3.03999996
,,,4.18E-04,2.54,,,,,4.18E-04,3.03999996
,,,4.18E-04,2.5799999,,,,,4.18E-04,2.96000004
,,,4.18E-04,2.5799999,,,,,4.18E-04,2.96000004
,,,4.19E-04,2.5999999,,,,,4.19E-04,3.03999996
,,,4.19E-04,2.5799999,,,,,4.19E-04,2.96000004
,,,4.20E-04,2.5999999,,,,,4.20E-04,3.03999996
,,,4.20E-04,2.5999999,,,,,4.20E-04,2.96000004
,,,4.20E-04,2.5999999,,,,,4.20E-04,2.96000004
,,,4.21E-04,2.5999999,,,,,4.21E-04,2.96000004
,,,4.21E-04,2.5999999,,,,,4.21E-04,2.96000004
,,,4.22E-04,2.6399999,,,,,4.22E-04,2.96000004
,,,4.22E-04,2.6799998,,,,,4.22E-04,2.96000004
,,,4.22E-04,2.6599998,,,,,4.22E-04,2.96000004
,,,4.23E-04,2.6399999,,,,,4.23E-04,3.03999996
,,,4.23E-04,2.6799998,,,,,4.23E-04,3.03999996
,,,4.24E-04,2.6799998,,,,,4.24E-04,3.03999996
,,,4.24E-04,2.6799998,,,,,4.24E-04,2.96000004
,,,4.24E-04,2.6799998,,,,,4.24E-04,2.87999988
,,,4.25E-04,2.72000003,,,,,4.25E-04,2.96000004
,,,4.25E-04,2.6599998,,,,,4.25E-04,2.96000004
,,,4.26E-04,2.7,,,,,4.26E-04,2.96000004
,,,4.26E-04,2.7,,,,,4.26E-04,2.96000004
,,,4.26E-04,2.75999999,,,,,4.26E-04,2.96000004
,,,4.27E-04,2.74000001,,,,,4.27E-04,2.87999988
,,,4.27E-04,2.72000003,,,,,4.27E-04,2.96000004
,,,4.28E-04,2.75999999,,,,,4.28E-04,3.03999996
,,,4.28E-04,2.72000003,,,,,4.28E-04,3.03999996
,,,4.28E-04,2.74000001,,,,,4.28E-04,2.96000004
,,,4.29E-04,2.74000001,,,,,4.29E-04,2.96000004
,,,4.29E-04,2.74000001,,,,,4.29E-04,2.96000004
,,,4.30E-04,2.75999999,,,,,4.30E-04,2.87999988
,,,4.30E-04,2.75999999,,,,,4.30E-04,2.96000004
,,,4.30E-04,2.77999997,,,,,4.30E-04,2.87999988
,,,4.31E-04,2.79999995,,,,,4.31E-04,2.96000004
,,,4.31E-04,2.75999999,,,,,4.31E-04,2.96000004
,,,4.32E-04,2.77999997,,,,,4.32E-04,3.03999996
,,,4.32E-04,2.79999995,,,,,4.32E-04,2.96000004
,,,4.32E-04,2.81999993,,,,,4.32E-04,2.96000004
,,,4.33E-04,2.79999995,,,,,4.33E-04,2.96000004
,,,4.33E-04,2.81999993,,,,,4.33E-04,2.96000004
,,,4.34E-04,2.81999993,,,,,4.34E-04,3.03999996
,,,4.34E-04,2.83999991,,,,,4.34E-04,2.96000004
,,,4.34E-04,2.79999995,,,,,4.34E-04,2.96000004
,,,4.35E-04,2.8599999,,,,,4.35E-04,2.96000004
,,,4.35E-04,2.81999993,,,,,4.35E-04,2.96000004
,,,4.36E-04,2.83999991,,,,,4.36E-04,2.87999988
,,,4.36E-04,2.83999991,,,,,4.36E-04,2.87999988
,,,4.36E-04,2.87999988,,,,,4.36E-04,2.96000004
,,,4.37E-04,2.87999988,,,,,4.37E-04,3.03999996
,,,4.37E-04,2.87999988,,,,,4.37E-04,2.96000004
,,,4.38E-04,2.8599999,,,,,4.38E-04,2.96000004
,,,4.38E-04,2.89999986,,,,,4.38E-04,2.96000004
,,,4.38E-04,2.91999984,,,,,4.38E-04,3.03999996
,,,4.39E-04,2.87999988,,,,,4.39E-04,2.96000004
,,,4.39E-04,2.89999986,,,,,4.39E-04,2.96000004
,,,4.40E-04,2.89999986,,,,,4.40E-04,2.96000004
,,,4.40E-04,2.89999986,,,,,4.40E-04,2.96000004
,,,4.40E-04,2.91999984,,,,,4.40E-04,2.87999988
,,,4.41E-04,2.93999982,,,,,4.41E-04,3.03999996
,,,4.41E-04,2.89999986,,,,,4.41E-04,2.96000004
,,,4.42E-04,2.93999982,,,,,4.42E-04,2.96000004
,,,4.42E-04,2.91999984,,,,,4.42E-04,2.96000004
,,,4.42E-04,2.96000004,,,,,4.42E-04,2.96000004
,,,4.43E-04,2.93999982,,,,,4.43E-04,3.03999996
,,,4.43E-04,2.96000004,,,,,4.43E-04,3.03999996
,,,4.44E-04,2.93999982,,,,,4.44E-04,2.96000004
,,,4.44E-04,2.98000002,,,,,4.44E-04,2.96000004
,,,4.44E-04,2.93999982,,,,,4.44E-04,3.03999996
,,,4.45E-04,2.98000002,,,,,4.45E-04,3.03999996
,,,4.45E-04,2.98000002,,,,,4.45E-04,2.96000004
,,,4.46E-04,3,,,,,4.46E-04,2.96000004
,,,4.46E-04,3,,,,,4.46E-04,2.96000004
,,,4.46E-04,3,,,,,4.46E-04,3.03999996
,,,4.47E-04,3,,,,,4.47E-04,2.87999988
,,,4.47E-04,3,,,,,4.47E-04,2.87999988
,,,4.48E-04,3,,,,,4.48E-04,2.96000004
,,,4.48E-04,3.03999996,,,,,4.48E-04,2.96000004
,,,4.48E-04,3,,,,,4.48E-04,3.03999996
,,,4.49E-04,3.03999996,,,,,4.49E-04,2.96000004
,,,4.49E-04,3.03999996,,,,,4.49E-04,3.03999996
,,,4.50E-04,3.01999998,,,,,4.50E-04,3.03999996
,,,4.50E-04,3.03999996,,,,,4.50E-04,2.87999988
,,,4.50E-04,3.03999996,,,,,4.50E-04,2.87999988
,,,4.51E-04,3.03999996,,,,,4.51E-04,2.96000004
,,,4.51E-04,3.05999994,,,,,4.51E-04,2.87999988
,,,4.52E-04,3.07999992,,,,,4.52E-04,2.96000004
,,,4.52E-04,3.07999992,,,,,4.52E-04,2.96000004
,,,4.52E-04,3.07999992,,,,,4.52E-04,2.96000004
,,,4.53E-04,3.05999994,,,,,4.53E-04,2.87999988
,,,4.53E-04,3.07999992,,,,,4.53E-04,2.87999988
,,,4.54E-04,3.0999999,,,,,4.54E-04,2.87999988
,,,4.54E-04,3.05999994,,,,,4.54E-04,2.96000004
,,,4.54E-04,3.11999989,,,,,4.54E-04,2.96000004
,,,4.55E-04,3.07999992,,,,,4.55E-04,2.87999988
,,,4.55E-04,3.0999999,,,,,4.55E-04,2.79999995
,,,4.56E-04,3.07999992,,,,,4.56E-04,3.03999996
,,,4.56E-04,3.0999999,,,,,4.56E-04,2.87999988
,,,4.56E-04,3.11999989,,,,,4.56E-04,2.87999988
,,,4.57E-04,3.11999989,,,,,4.57E-04,2.87999988
,,,4.57E-04,3.13999987,,,,,4.57E-04,2.87999988
,,,4.58E-04,3.11999989,,,,,4.58E-04,2.96000004
,,,4.58E-04,3.13999987,,,,,4.58E-04,2.87999988
,,,4.58E-04,3.13999987,,,,,4.58E-04,2.87999988
,,,4.59E-04,3.15999985,,,,,4.59E-04,2.87999988
,,,4.59E-04,3.13999987,,,,,4.59E-04,2.87999988
,,,4.60E-04,3.15999985,,,,,4.60E-04,2.79999995
,,,4.60E-04,3.15999985,,,,,4.60E-04,2.87999988
,,,4.60E-04,3.17999983,,,,,4.60E-04,2.79999995
,,,4.61E-04,3.13999987,,,,,4.61E-04,2.87999988
,,,4.61E-04,3.17999983,,,,,4.61E-04,2.87999988
,,,4.62E-04,3.19999981,,,,,4.62E-04,2.87999988
,,,4.62E-04,3.19999981,,,,,4.62E-04,2.79999995
,,,4.62E-04,3.22000003,,,,,4.62E-04,2.79999995
,,,4.63E-04,3.22000003,,,,,4.63E-04,2.79999995
,,,4.63E-04,3.17999983,,,,,4.63E-04,2.87999988
,,,4.64E-04,3.19999981,,,,,4.64E-04,2.87999988
,,,4.64E-04,3.17999983,,,,,4.64E-04,2.79999995
,,,4.64E-04,3.22000003,,,,,4.64E-04,2.79999995
,,,4.65E-04,3.22000003,,,,,4.65E-04,2.72000003
,,,4.65E-04,3.24000001,,,,,4.65E-04,2.72000003
,,,4.66E-04,3.24000001,,,,,4.66E-04,2.87999988
,,,4.66E-04,3.24000001,,,,,4.66E-04,2.72000003
,,,4.66E-04,3.24000001,,,,,4.66E-04,2.72000003
,,,4.67E-04,3.24000001,,,,,4.67E-04,2.72000003
,,,4.67E-04,3.27999997,,,,,4.67E-04,2.79999995
,,,4.68E-04,3.25999999,,,,,4.68E-04,2.79999995
,,,4.68E-04,3.24000001,,,,,4.68E-04,2.72000003
,,,4.68E-04,3.25999999,,,,,4.68E-04,2.72000003
,,,4.69E-04,3.24000001,,,,,4.69E-04,2.72000003
,,,4.69E-04,3.24000001,,,,,4.69E-04,2.72000003
,,,4.70E-04,3.27999997,,,,,4.70E-04,2.72000003
,,,4.70E-04,3.27999997,,,,,4.70E-04,2.72000003
,,,4.70E-04,3.29999995,,,,,4.70E-04,2.72000003
,,,4.71E-04,3.27999997,,,,,4.71E-04,2.6399999
,,,4.71E-04,3.29999995,,,,,4.71E-04,2.79999995
,,,4.72E-04,3.29999995,,,,,4.72E-04,2.72000003
,,,4.72E-04,3.31999993,,,,,4.72E-04,2.72000003
,,,4.72E-04,3.29999995,,,,,4.72E-04,2.72000003
,,,4.73E-04,3.33999991,,,,,4.73E-04,2.5599999
,,,4.73E-04,3.29999995,,,,,4.73E-04,2.6399999
,,,4.74E-04,3.3599999,,,,,4.74E-04,2.5599999
,,,4.74E-04,3.31999993,,,,,4.74E-04,2.6399999
,,,4.74E-04,3.33999991,,,,,4.74E-04,2.5599999
,,,4.75E-04,3.31999993,,,,,4.75E-04,2.48
,,,4.75E-04,3.33999991,,,,,4.75E-04,2.48
,,,4.76E-04,3.29999995,,,,,4.76E-04,2.6399999
,,,4.76E-04,3.3599999,,,,,4.76E-04,2.5599999
,,,4.76E-04,3.33999991,,,,,4.76E-04,2.6399999
,,,4.77E-04,3.37999988,,,,,4.77E-04,2.6399999
,,,4.77E-04,3.3599999,,,,,4.77E-04,2.5599999
,,,4.78E-04,3.39999986,,,,,4.78E-04,2.5599999
,,,4.78E-04,3.33999991,,,,,4.78E-04,2.48
,,,4.78E-04,3.37999988,,,,,4.78E-04,2.5599999
,,,4.79E-04,3.3599999,,,,,4.79E-04,2.5599999
,,,4.79E-04,3.37999988,,,,,4.79E-04,2.48
,,,4.80E-04,3.3599999,,,,,4.80E-04,2.48
,,,4.80E-04,3.39999986,,,,,4.80E-04,2.5599999
,,,4.80E-04,3.37999988,,,,,4.80E-04,2.5599999
,,,4.81E-04,3.39999986,,,,,4.81E-04,2.48
,,,4.81E-04,3.41999984,,,,,4.81E-04,2.48
,,,4.82E-04,3.39999986,,,,,4.82E-04,2.48
,,,4.82E-04,3.41999984,,,,,4.82E-04,2.5599999
,,,4.82E-04,3.39999986,,,,,4.82E-04,2.48
,,,4.83E-04,3.41999984,,,,,4.83E-04,2.5599999
,,,4.83E-04,3.41999984,,,,,4.83E-04,2.5599999
,,,4.84E-04,3.41999984,,,,,4.84E-04,2.48
,,,4.84E-04,3.43999982,,,,,4.84E-04,2.3999999
,,,4.84E-04,3.46000004,,,,,4.84E-04,2.48
,,,4.85E-04,3.43999982,,,,,4.85E-04,2.48
,,,4.85E-04,3.43999982,,,,,4.85E-04,2.48
,,,4.86E-04,3.41999984,,,,,4.86E-04,2.48
,,,4.86E-04,3.48000002,,,,,4.86E-04,2.48
,,,4.86E-04,3.46000004,,,,,4.86E-04,2.48
,,,4.87E-04,3.46000004,,,,,4.87E-04,2.48
,,,4.87E-04,3.46000004,,,,,4.87E-04,2.3999999
,,,4.88E-04,3.46000004,,,,,4.88E-04,2.3999999
,,,4.88E-04,3.46000004,,,,,4.88E-04,2.48
,,,4.88E-04,3.48000002,,,,,4.88E-04,2.3199999
,,,4.89E-04,3.48000002,,,,,4.89E-04,2.3999999
,,,4.89E-04,3.48000002,,,,,4.89E-04,2.3999999
,,,4.90E-04,3.48000002,,,,,4.90E-04,2.24
,,,4.90E-04,3.48000002,,,,,4.90E-04,2.3999999
,,,4.90E-04,3.48000002,,,,,4.90E-04,2.3999999
,,,4.91E-04,3.5,,,,,4.91E-04,2.3999999
,,,4.91E-04,3.5,,,,,4.91E-04,2.3199999
,,,4.92E-04,3.5,,,,,4.92E-04,2.3199999
,,,4.92E-04,3.5,,,,,4.92E-04,2.3999999
,,,4.92E-04,3.51999998,,,,,4.92E-04,2.3199999
,,,4.93E-04,3.5,,,,,4.93E-04,2.24
,,,4.93E-04,3.53999996,,,,,4.93E-04,2.24
,,,4.94E-04,3.51999998,,,,,4.94E-04,2.3199999
,,,4.94E-04,3.53999996,,,,,4.94E-04,2.3199999
,,,4.94E-04,3.51999998,,,,,4.94E-04,2.3199999
,,,4.95E-04,3.53999996,,,,,4.95E-04,2.24
,,,4.95E-04,3.53999996,,,,,4.95E-04,2.3199999
,,,4.96E-04,3.57999992,,,,,4.96E-04,2.24
,,,4.96E-04,3.53999996,,,,,4.96E-04,2.24
,,,4.96E-04,3.55999994,,,,,4.96E-04,2.24
,,,4.97E-04,3.57999992,,,,,4.97E-04,2.24
,,,4.97E-04,3.55999994,,,,,4.97E-04,2.24
,,,4.98E-04,3.55999994,,,,,4.98E-04,2.24
,,,4.98E-04,3.57999992,,,,,4.98E-04,2.24
,,,4.98E-04,3.55999994,,,,,4.98E-04,2.24
,,,4.99E-04,3.55999994,,,,,4.99E-04,2.24
,,,4.99E-04,3.57999992,,,,,4.99E-04,2.24
,,,5.00E-04,3.57999992,,,,,5.00E-04,2.1599998
,,,5.00E-04,3.57999992,,,,,5.00E-04,2.24
,,,5.00E-04,3.55999994,,,,,5.00E-04,2.24
,,,5.01E-04,3.5999999,,,,,5.01E-04,2.1599998
,,,5.01E-04,3.61999989,,,,,5.01E-04,2.1599998
,,,5.02E-04,3.61999989,,,,,5.02E-04,2.1599998
,,,5.02E-04,3.5999999,,,,,5.02E-04,2.1599998
,,,5.02E-04,3.63999987,,,,,5.02E-04,2.3199999
,,,5.03E-04,3.65999985,,,,,5.03E-04,2.3199999
,,,5.03E-04,3.61999989,,,,,5.03E-04,2.24
,,,5.04E-04,3.61999989,,,,,5.04E-04,2.24
,,,5.04E-04,3.61999989,,,,,5.04E-04,2.24
,,,5.04E-04,3.5999999,,,,,5.04E-04,2.1599998
,,,5.05E-04,3.63999987,,,,,5.05E-04,2.1599998
,,,5.05E-04,3.65999985,,,,,5.05E-04,2.1599998
,,,5.06E-04,3.63999987,,,,,5.06E-04,2.1599998
,,,5.06E-04,3.65999985,,,,,5.06E-04,2.0799999
,,,5.06E-04,3.61999989,,,,,5.06E-04,2.1599998
,,,5.07E-04,3.67999983,,,,,5.07E-04,2.1599998
,,,5.07E-04,3.65999985,,,,,5.07E-04,2.1599998
,,,5.08E-04,3.65999985,,,,,5.08E-04,2.0799999
,,,5.08E-04,3.65999985,,,,,5.08E-04,2.0799999
,,,5.08E-04,3.65999985,,,,,5.08E-04,2.1599998
,,,5.09E-04,3.63999987,,,,,5.09E-04,2.1599998
,,,5.09E-04,3.67999983,,,,,5.09E-04,2.1599998
,,,5.10E-04,3.67999983,,,,,5.10E-04,2.0799999
,,,5.10E-04,3.69999981,,,,,5.10E-04,2.0799999
,,,5.10E-04,3.65999985,,,,,5.10E-04,2.0799999
,,,5.11E-04,3.69999981,,,,,5.11E-04,2.0799999
,,,5.11E-04,3.67999983,,,,,5.11E-04,2.0799999
,,,5.12E-04,3.72000003,,,,,5.12E-04,2.1599998
,,,5.12E-04,3.69999981,,,,,5.12E-04,2.0799999
,,,5.12E-04,3.69999981,,,,,5.12E-04,2.0799999
,,,5.13E-04,3.67999983,,,,,5.13E-04,2
,,,5.13E-04,3.72000003,,,,,5.13E-04,2
,,,5.14E-04,3.67999983,,,,,5.14E-04,2
,,,5.14E-04,3.69999981,,,,,5.14E-04,2
,,,5.14E-04,3.69999981,,,,,5.14E-04,1.92
,,,5.15E-04,3.72000003,,,,,5.15E-04,2
,,,5.15E-04,3.74000001,,,,,5.15E-04,2
,,,5.16E-04,3.74000001,,,,,5.16E-04,2
,,,5.16E-04,3.69999981,,,,,5.16E-04,2
,,,5.16E-04,3.74000001,,,,,5.16E-04,2
,,,5.17E-04,3.72000003,,,,,5.17E-04,2
,,,5.17E-04,3.74000001,,,,,5.17E-04,2
,,,5.18E-04,3.74000001,,,,,5.18E-04,2
,,,5.18E-04,3.74000001,,,,,5.18E-04,1.92
,,,5.18E-04,3.72000003,,,,,5.18E-04,2
,,,5.19E-04,3.75999999,,,,,5.19E-04,1.8399999
,,,5.19E-04,3.72000003,,,,,5.19E-04,2
,,,5.20E-04,3.75999999,,,,,5.20E-04,1.8399999
,,,5.20E-04,3.72000003,,,,,5.20E-04,2
,,,5.20E-04,3.75999999,,,,,5.20E-04,1.92
,,,5.21E-04,3.75999999,,,,,5.21E-04,1.92
,,,5.21E-04,3.74000001,,,,,5.21E-04,1.92
,,,5.22E-04,3.75999999,,,,,5.22E-04,2
,,,5.22E-04,3.75999999,,,,,5.22E-04,1.92
,,,5.22E-04,3.77999997,,,,,5.22E-04,1.92
,,,5.23E-04,3.77999997,,,,,5.23E-04,1.92
,,,5.23E-04,3.77999997,,,,,5.23E-04,1.8399999
,,,5.24E-04,3.77999997,,,,,5.24E-04,1.92
,,,5.24E-04,3.79999995,,,,,5.24E-04,1.92
,,,5.24E-04,3.81999993,,,,,5.24E-04,1.8399999
,,,5.25E-04,3.77999997,,,,,5.25E-04,1.8399999
,,,5.25E-04,3.75999999,,,,,5.25E-04,1.8399999
,,,5.26E-04,3.81999993,,,,,5.26E-04,1.8399999
,,,5.26E-04,3.79999995,,,,,5.26E-04,1.8399999
,,,5.26E-04,3.72000003,,,,,5.26E-04,1.92
,,,5.27E-04,3.79999995,,,,,5.27E-04,1.8399999
,,,5.27E-04,3.79999995,,,,,5.27E-04,1.8399999
,,,5.28E-04,3.75999999,,,,,5.28E-04,1.92
,,,5.28E-04,3.79999995,,,,,5.28E-04,1.8399999
,,,5.28E-04,3.79999995,,,,,5.28E-04,1.92
,,,5.29E-04,3.81999993,,,,,5.29E-04,1.92
,,,5.29E-04,3.79999995,,,,,5.29E-04,1.8399999
,,,5.30E-04,3.81999993,,,,,5.30E-04,1.8399999
,,,5.30E-04,3.81999993,,,,,5.30E-04,1.92
,,,5.30E-04,3.81999993,,,,,5.30E-04,1.76
,,,5.31E-04,3.81999993,,,,,5.31E-04,1.76
,,,5.31E-04,3.81999993,,,,,5.31E-04,1.76
,,,5.32E-04,3.79999995,,,,,5.32E-04,1.6799999
,,,5.32E-04,3.8599999,,,,,5.32E-04,1.8399999
,,,5.32E-04,3.83999991,,,,,5.32E-04,1.6799999
,,,5.33E-04,3.83999991,,,,,5.33E-04,1.76
,,,5.33E-04,3.8599999,,,,,5.33E-04,1.8399999
,,,5.34E-04,3.8599999,,,,,5.34E-04,1.6799999
,,,5.34E-04,3.81999993,,,,,5.34E-04,1.76
,,,5.34E-04,3.87999988,,,,,5.34E-04,1.6799999
,,,5.35E-04,3.83999991,,,,,5.35E-04,1.76
,,,5.35E-04,3.8599999,,,,,5.35E-04,1.6799999
,,,5.36E-04,3.83999991,,,,,5.36E-04,1.8399999
,,,5.36E-04,3.87999988,,,,,5.36E-04,1.76
,,,5.36E-04,3.87999988,,,,,5.36E-04,1.6799999
,,,5.37E-04,3.87999988,,,,,5.37E-04,1.76
,,,5.37E-04,3.89999986,,,,,5.37E-04,1.76
,,,5.38E-04,3.89999986,,,,,5.38E-04,1.8399999
,,,5.38E-04,3.8599999,,,,,5.38E-04,1.8399999
,,,5.38E-04,3.87999988,,,,,5.38E-04,1.76
,,,5.39E-04,3.87999988,,,,,5.39E-04,1.5999999
,,,5.39E-04,3.8599999,,,,,5.39E-04,1.6799999
,,,5.40E-04,3.8599999,,,,,5.40E-04,1.5999999
,,,5.40E-04,3.8599999,,,,,5.40E-04,1.76
,,,5.40E-04,3.87999988,,,,,5.40E-04,1.76
,,,5.41E-04,3.89999986,,,,,5.41E-04,1.6799999
,,,5.41E-04,3.8599999,,,,,5.41E-04,1.6799999
,,,5.42E-04,3.89999986,,,,,5.42E-04,1.6799999
,,,5.42E-04,3.93999982,,,,,5.42E-04,1.6799999
,,,5.42E-04,3.93999982,,,,,5.42E-04,1.5999999
,,,5.43E-04,3.87999988,,,,,5.43E-04,1.6799999
,,,5.43E-04,3.91999984,,,,,5.43E-04,1.6799999
,,,5.44E-04,3.91999984,,,,,5.44E-04,1.6799999
,,,5.44E-04,3.93999982,,,,,5.44E-04,1.5999999
,,,5.44E-04,3.9599998,,,,,5.44E-04,1.5999999
,,,5.45E-04,3.93999982,,,,,5.45E-04,1.6799999
,,,5.45E-04,3.87999988,,,,,5.45E-04,1.5999999
,,,5.46E-04,3.91999984,,,,,5.46E-04,1.5999999
,,,5.46E-04,3.87999988,,,,,5.46E-04,1.6799999
,,,5.46E-04,3.9599998,,,,,5.46E-04,1.6799999
,,,5.47E-04,3.9599998,,,,,5.47E-04,1.6799999
,,,5.47E-04,3.93999982,,,,,5.47E-04,1.5999999
,,,5.48E-04,3.98000002,,,,,5.48E-04,1.5999999
,,,5.48E-04,3.98000002,,,,,5.48E-04,1.6799999
,,,5.48E-04,3.93999982,,,,,5.48E-04,1.6799999
,,,5.49E-04,3.98000002,,,,,5.49E-04,1.6799999
,,,5.49E-04,3.98000002,,,,,5.49E-04,1.52
,,,5.50E-04,3.9599998,,,,,5.50E-04,1.5999999
,,,5.50E-04,3.98000002,,,,,5.50E-04,1.6799999
,,,5.50E-04,4,,,,,5.50E-04,1.5999999
,,,5.51E-04,3.98000002,,,,,5.51E-04,1.5999999
,,,5.51E-04,4.03999996,,,,,5.51E-04,1.6799999
,,,5.52E-04,4,,,,,5.52E-04,1.5999999
,,,5.52E-04,4.01999998,,,,,5.52E-04,1.52
,,,5.52E-04,3.98000002,,,,,5.52E-04,1.4399999
,,,5.53E-04,4.01999998,,,,,5.53E-04,1.5999999
,,,5.53E-04,3.98000002,,,,,5.53E-04,1.52
,,,5.54E-04,4,,,,,5.54E-04,1.5999999
,,,5.54E-04,4,,,,,5.54E-04,1.52
,,,5.54E-04,4.03999996,,,,,5.54E-04,1.5999999
,,,5.55E-04,4,,,,,5.55E-04,1.52
,,,5.55E-04,4.03999996,,,,,5.55E-04,1.52
,,,5.56E-04,4,,,,,5.56E-04,1.5999999
,,,5.56E-04,4,,,,,5.56E-04,1.4399999
,,,5.56E-04,4.03999996,,,,,5.56E-04,1.52
,,,5.57E-04,4.03999996,,,,,5.57E-04,1.52
,,,5.57E-04,4.03999996,,,,,5.57E-04,1.52
,,,5.58E-04,4.03999996,,,,,5.58E-04,1.52
,,,5.58E-04,4.03999996,,,,,5.58E-04,1.52
,,,5.58E-04,4.03999996,,,,,5.58E-04,1.52
,,,5.59E-04,4.01999998,,,,,5.59E-04,1.52
,,,5.59E-04,4.03999996,,,,,5.59E-04,1.4399999
,,,5.60E-04,4.03999996,,,,,5.60E-04,1.52
,,,5.60E-04,4.03999996,,,,,5.60E-04,1.4399999
,,,5.60E-04,4.03999996,,,,,5.60E-04,1.4399999
,,,5.61E-04,4.03999996,,,,,5.61E-04,1.36
,,,5.61E-04,4.03999996,,,,,5.61E-04,1.5999999
,,,5.62E-04,4.03999996,,,,,5.62E-04,1.52
,,,5.62E-04,4.03999996,,,,,5.62E-04,1.52
,,,5.62E-04,4.03999996,,,,,5.62E-04,1.5999999
,,,5.63E-04,4.03999996,,,,,5.63E-04,1.52
,,,5.63E-04,4.03999996,,,,,5.63E-04,1.4399999
,,,5.64E-04,4.03999996,,,,,5.64E-04,1.52
,,,5.64E-04,4.03999996,,,,,5.64E-04,1.52
,,,5.64E-04,4.03999996,,,,,5.64E-04,1.52
,,,5.65E-04,4.03999996,,,,,5.65E-04,1.4399999
,,,5.65E-04,4.03999996,,,,,5.65E-04,1.4399999
,,,5.66E-04,4.03999996,,,,,5.66E-04,1.4399999
,,,5.66E-04,4.03999996,,,,,5.66E-04,1.36
,,,5.66E-04,4.03999996,,,,,5.66E-04,1.4399999
,,,5.67E-04,4.03999996,,,,,5.67E-04,1.4399999
,,,5.67E-04,4.03999996,,,,,5.67E-04,1.52
,,,5.68E-04,4.03999996,,,,,5.68E-04,1.4399999
,,,5.68E-04,4.03999996,,,,,5.68E-04,1.36
,,,5.68E-04,4.03999996,,,,,5.68E-04,1.36
,,,5.69E-04,4.03999996,,,,,5.69E-04,1.52
,,,5.69E-04,4.03999996,,,,,5.69E-04,1.36
,,,5.70E-04,4.03999996,,,,,5.70E-04,1.4399999
,,,5.70E-04,4.03999996,,,,,5.70E-04,1.4399999
,,,5.70E-04,4.03999996,,,,,5.70E-04,1.4399999
,,,5.71E-04,4.03999996,,,,,5.71E-04,1.28
,,,5.71E-04,4.03999996,,,,,5.71E-04,1.36
,,,5.72E-04,4.03999996,,,,,5.72E-04,1.36
,,,5.72E-04,4.03999996,,,,,5.72E-04,1.36
,,,5.72E-04,4.03999996,,,,,5.72E-04,1.36
,,,5.73E-04,4.03999996,,,,,5.73E-04,1.4399999
,,,5.73E-04,4.03999996,,,,,5.73E-04,1.36
,,,5.74E-04,4.03999996,,,,,5.74E-04,1.36
,,,5.74E-04,4.03999996,,,,,5.74E-04,1.36
,,,5.74E-04,4.03999996,,,,,5.74E-04,1.36
,,,5.75E-04,4.03999996,,,,,5.75E-04,1.1999999
,,,5.75E-04,4.03999996,,,,,5.75E-04,1.36
,,,5.76E-04,4.03999996,,,,,5.76E-04,1.36
,,,5.76E-04,4.03999996,,,,,5.76E-04,1.4399999
,,,5.76E-04,4.03999996,,,,,5.76E-04,1.36
,,,5.77E-04,4.03999996,,,,,5.77E-04,1.36
,,,5.77E-04,4.03999996,,,,,5.77E-04,1.28
,,,5.78E-04,4.03999996,,,,,5.78E-04,1.36
,,,5.78E-04,4.03999996,,,,,5.78E-04,1.28
,,,5.78E-04,4.03999996,,,,,5.78E-04,1.1999999
,,,5.79E-04,4.03999996,,,,,5.79E-04,1.28
,,,5.79E-04,4.03999996,,,,,5.79E-04,1.36
,,,5.80E-04,4.03999996,,,,,5.80E-04,1.36
,,,5.80E-04,4.03999996,,,,,5.80E-04,1.28
,,,5.80E-04,4.03999996,,,,,5.80E-04,1.36
,,,5.81E-04,4.03999996,,,,,5.81E-04,1.28
,,,5.81E-04,4.03999996,,,,,5.81E-04,1.1999999
,,,5.82E-04,4.03999996,,,,,5.82E-04,1.36
,,,5.82E-04,4.03999996,,,,,5.82E-04,1.4399999
,,,5.82E-04,4.03999996,,,,,5.82E-04,1.28
,,,5.83E-04,4.03999996,,,,,5.83E-04,1.1999999
,,,5.83E-04,4.03999996,,,,,5.83E-04,1.28
,,,5.84E-04,4.03999996,,,,,5.84E-04,1.28
,,,5.84E-04,4.03999996,,,,,5.84E-04,1.12
,,,5.84E-04,4.03999996,,,,,5.84E-04,1.36
,,,5.85E-04,4.03999996,,,,,5.85E-04,1.36
,,,5.85E-04,4.03999996,,,,,5.85E-04,1.28
,,,5.86E-04,4.03999996,,,,,5.86E-04,1.1999999
,,,5.86E-04,4.03999996,,,,,5.86E-04,1.4399999
,,,5.86E-04,4.03999996,,,,,5.86E-04,1.1999999
,,,5.87E-04,4.03999996,,,,,5.87E-04,1.28
,,,5.87E-04,4.03999996,,,,,5.87E-04,1.1999999
,,,5.88E-04,4.03999996,,,,,5.88E-04,1.1999999
,,,5.88E-04,4.03999996,,,,,5.88E-04,1.28
,,,5.88E-04,4.03999996,,,,,5.88E-04,1.28
,,,5.89E-04,4.03999996,,,,,5.89E-04,1.12
,,,5.89E-04,4.03999996,,,,,5.89E-04,1.1999999
,,,5.90E-04,4.03999996,,,,,5.90E-04,1.28
,,,5.90E-04,4.03999996,,,,,5.90E-04,1.28
,,,5.90E-04,4.03999996,,,,,5.90E-04,1.1999999
,,,5.91E-04,4.03999996,,,,,5.91E-04,1.28
,,,5.91E-04,4.03999996,,,,,5.91E-04,1.1999999
,,,5.92E-04,4.03999996,,,,,5.92E-04,1.1999999
,,,5.92E-04,4.03999996,,,,,5.92E-04,1.28
,,,5.92E-04,4.03999996,,,,,5.92E-04,1.28
,,,5.93E-04,4.03999996,,,,,5.93E-04,1.12
,,,5.93E-04,4.03999996,,,,,5.93E-04,1.1999999
,,,5.94E-04,4.03999996,,,,,5.94E-04,1.1999999
,,,5.94E-04,4.03999996,,,,,5.94E-04,1.1999999
,,,5.94E-04,4.03999996,,,,,5.94E-04,1.1999999
,,,5.95E-04,4.03999996,,,,,5.95E-04,1.28
,,,5.95E-04,4.03999996,,,,,5.95E-04,1.1999999
,,,5.96E-04,4.03999996,,,,,5.96E-04,1.1999999
,,,5.96E-04,4.03999996,,,,,5.96E-04,1.28
,,,5.96E-04,4.03999996,,,,,5.96E-04,1.28
,,,5.97E-04,4.03999996,,,,,5.97E-04,1.1999999
,,,5.97E-04,4.03999996,,,,,5.97E-04,1.1999999
,,,5.98E-04,4.03999996,,,,,5.98E-04,1.28
,,,5.98E-04,4.03999996,,,,,5.98E-04,1.12
,,,5.98E-04,4.03999996,,,,,5.98E-04,1.1999999
,,,5.99E-04,4.03999996,,,,,5.99E-04,1.04
,,,5.99E-04,4.03999996,,,,,5.99E-04,1.1999999
,,,6.00E-04,4.03999996,,,,,6.00E-04,1.1999999
,,,6.00E-04,4.03999996,,,,,6.00E-04,1.1999999
,,,6.00E-04,4.03999996,,,,,6.00E-04,1.12
,,,6.01E-04,4.03999996,,,,,6.01E-04,1.12
,,,6.01E-04,4.03999996,,,,,6.01E-04,1.12
,,,6.02E-04,4.03999996,,,,,6.02E-04,1.1999999
,,,6.02E-04,4.03999996,,,,,6.02E-04,1.12
,,,6.02E-04,4.03999996,,,,,6.02E-04,1.12
,,,6.03E-04,4.03999996,,,,,6.03E-04,1.12
,,,6.03E-04,4.03999996,,,,,6.03E-04,1.04
,,,6.04E-04,4.03999996,,,,,6.04E-04,1.12
,,,6.04E-04,4.03999996,,,,,6.04E-04,1.12
,,,6.04E-04,4.03999996,,,,,6.04E-04,1.04
,,,6.05E-04,4.03999996,,,,,6.05E-04,1.12
,,,6.05E-04,4.03999996,,,,,6.05E-04,1.04
,,,6.06E-04,4.03999996,,,,,6.06E-04,1.12
,,,6.06E-04,4.03999996,,,,,6.06E-04,1.12
,,,6.06E-04,4.03999996,,,,,6.06E-04,1.12
,,,6.07E-04,4.03999996,,,,,6.07E-04,1.12
,,,6.07E-04,4.03999996,,,,,6.07E-04,1.04
,,,6.08E-04,4.03999996,,,,,6.08E-04,1.12
,,,6.08E-04,4.03999996,,,,,6.08E-04,1.12
,,,6.08E-04,4.03999996,,,,,6.08E-04,1.04
,,,6.09E-04,4.03999996,,,,,6.09E-04,1.12
,,,6.09E-04,4.03999996,,,,,6.09E-04,1.1999999
,,,6.10E-04,4.03999996,,,,,6.10E-04,1.04
,,,6.10E-04,4.03999996,,,,,6.10E-04,1.04
,,,6.10E-04,4.03999996,,,,,6.10E-04,9.60E-01
,,,6.11E-04,4.03999996,,,,,6.11E-04,1.04
,,,6.11E-04,4.03999996,,,,,6.11E-04,1.04
,,,6.12E-04,4.03999996,,,,,6.12E-04,1.12
,,,6.12E-04,4.03999996,,,,,6.12E-04,9.60E-01
,,,6.12E-04,4.03999996,,,,,6.12E-04,1.12
,,,6.13E-04,4.03999996,,,,,6.13E-04,1.12
,,,6.13E-04,4.03999996,,,,,6.13E-04,9.60E-01
,,,6.14E-04,4.03999996,,,,,6.14E-04,1.04
,,,6.14E-04,4.03999996,,,,,6.14E-04,1.04
,,,6.14E-04,4.03999996,,,,,6.14E-04,1.04
,,,6.15E-04,4.03999996,,,,,6.15E-04,1.04
,,,6.15E-04,4.03999996,,,,,6.15E-04,1.12
,,,6.16E-04,4.03999996,,,,,6.16E-04,1.04
,,,6.16E-04,4.03999996,,,,,6.16E-04,1.04
,,,6.16E-04,4.03999996,,,,,6.16E-04,1.04
,,,6.17E-04,4.03999996,,,,,6.17E-04,1.04
,,,6.17E-04,4.03999996,,,,,6.17E-04,1.12
,,,6.18E-04,4.03999996,,,,,6.18E-04,1.12
,,,6.18E-04,4.03999996,,,,,6.18E-04,1.04
,,,6.18E-04,4.03999996,,,,,6.18E-04,1.04
,,,6.19E-04,4.03999996,,,,,6.19E-04,1.04
,,,6.19E-04,4.03999996,,,,,6.19E-04,1.12
,,,6.20E-04,4.03999996,,,,,6.20E-04,1.04
,,,6.20E-04,4.03999996,,,,,6.20E-04,1.04
,,,6.20E-04,4.03999996,,,,,6.20E-04,8.80E-01
,,,6.21E-04,4.03999996,,,,,6.21E-04,1.12
,,,6.21E-04,4.03999996,,,,,6.21E-04,9.60E-01
,,,6.22E-04,4.03999996,,,,,6.22E-04,1.12
,,,6.22E-04,4.03999996,,,,,6.22E-04,1.04
,,,6.22E-04,4.03999996,,,,,6.22E-04,1.04
,,,6.23E-04,4.03999996,,,,,6.23E-04,1.04
,,,6.23E-04,4.03999996,,,,,6.23E-04,1.04
,,,6.24E-04,4.03999996,,,,,6.24E-04,8.80E-01
,,,6.24E-04,4.03999996,,,,,6.24E-04,9.60E-01
,,,6.24E-04,4.03999996,,,,,6.24E-04,9.60E-01
,,,6.25E-04,4.03999996,,,,,6.25E-04,1.04
,,,6.25E-04,4.03999996,,,,,6.25E-04,9.60E-01
,,,6.26E-04,4.03999996,,,,,6.26E-04,1.04
,,,6.26E-04,4.03999996,,,,,6.26E-04,1.04
,,,6.26E-04,4.03999996,,,,,6.26E-04,1.04
,,,6.27E-04,4.03999996,,,,,6.27E-04,9.60E-01
,,,6.27E-04,4.03999996,,,,,6.27E-04,9.60E-01
,,,6.28E-04,4.03999996,,,,,6.28E-04,9.60E-01
,,,6.28E-04,4.03999996,,,,,6.28E-04,8.80E-01
,,,6.28E-04,4.03999996,,,,,6.28E-04,9.60E-01
,,,6.29E-04,4.03999996,,,,,6.29E-04,9.60E-01
,,,6.29E-04,4.03999996,,,,,6.29E-04,8.80E-01
,,,6.30E-04,4.03999996,,,,,6.30E-04,8.80E-01
,,,6.30E-04,4.03999996,,,,,6.30E-04,8.80E-01
,,,6.30E-04,4.03999996,,,,,6.30E-04,9.60E-01
,,,6.31E-04,4.03999996,,,,,6.31E-04,1.04
,,,6.31E-04,4.03999996,,,,,6.31E-04,9.60E-01
,,,6.32E-04,4.03999996,,,,,6.32E-04,9.60E-01
,,,6.32E-04,4.03999996,,,,,6.32E-04,1.04
,,,6.32E-04,4.03999996,,,,,6.32E-04,9.60E-01
,,,6.33E-04,4.03999996,,,,,6.33E-04,9.60E-01
,,,6.33E-04,4.03999996,,,,,6.33E-04,9.60E-01
,,,6.34E-04,4.03999996,,,,,6.34E-04,8.80E-01
,,,6.34E-04,4.03999996,,,,,6.34E-04,8.80E-01
,,,6.34E-04,4.03999996,,,,,6.34E-04,9.60E-01
,,,6.35E-04,4.03999996,,,,,6.35E-04,9.60E-01
,,,6.35E-04,4.03999996,,,,,6.35E-04,9.60E-01
,,,6.36E-04,4.03999996,,,,,6.36E-04,8.80E-01
,,,6.36E-04,4.03999996,,,,,6.36E-04,9.60E-01
,,,6.36E-04,4.03999996,,,,,6.36E-04,9.60E-01
,,,6.37E-04,4.03999996,,,,,6.37E-04,8.80E-01
,,,6.37E-04,4.03999996,,,,,6.37E-04,8.80E-01
,,,6.38E-04,4.03999996,,,,,6.38E-04,8.80E-01
,,,6.38E-04,4.03999996,,,,,6.38E-04,8.80E-01
,,,6.38E-04,4.03999996,,,,,6.38E-04,9.60E-01
,,,6.39E-04,4.03999996,,,,,6.39E-04,9.60E-01
,,,6.39E-04,4.03999996,,,,,6.39E-04,7.20E-01
,,,6.40E-04,4.03999996,,,,,6.40E-04,9.60E-01
,,,6.40E-04,4.03999996,,,,,6.40E-04,8.80E-01
,,,6.40E-04,4.03999996,,,,,6.40E-04,8.80E-01
,,,6.41E-04,4.03999996,,,,,6.41E-04,9.60E-01
,,,6.41E-04,4.03999996,,,,,6.41E-04,8.80E-01
,,,6.42E-04,4.03999996,,,,,6.42E-04,9.60E-01
,,,6.42E-04,4.03999996,,,,,6.42E-04,9.60E-01
,,,6.42E-04,4.03999996,,,,,6.42E-04,8.80E-01
,,,6.43E-04,4.03999996,,,,,6.43E-04,8.00E-01
,,,6.43E-04,4.03999996,,,,,6.43E-04,8.00E-01
,,,6.44E-04,4.03999996,,,,,6.44E-04,8.80E-01
,,,6.44E-04,4.03999996,,,,,6.44E-04,8.80E-01
,,,6.44E-04,4.03999996,,,,,6.44E-04,8.80E-01
,,,6.45E-04,4.03999996,,,,,6.45E-04,8.00E-01
,,,6.45E-04,4.03999996,,,,,6.45E-04,8.00E-01
,,,6.46E-04,4.03999996,,,,,6.46E-04,9.60E-01
,,,6.46E-04,4.03999996,,,,,6.46E-04,8.80E-01
,,,6.46E-04,4.03999996,,,,,6.46E-04,8.00E-01
,,,6.47E-04,4.03999996,,,,,6.47E-04,8.80E-01
,,,6.47E-04,4.03999996,,,,,6.47E-04,8.00E-01
,,,6.48E-04,4.03999996,,,,,6.48E-04,8.00E-01
,,,6.48E-04,4.03999996,,,,,6.48E-04,8.00E-01
,,,6.48E-04,4.03999996,,,,,6.48E-04,8.00E-01
,,,6.49E-04,4.03999996,,,,,6.49E-04,8.80E-01
,,,6.49E-04,4.03999996,,,,,6.49E-04,8.00E-01
,,,6.50E-04,4.03999996,,,,,6.50E-04,8.00E-01
,,,6.50E-04,4.03999996,,,,,6.50E-04,8.00E-01
,,,6.50E-04,4.03999996,,,,,6.50E-04,8.00E-01
,,,6.51E-04,4.03999996,,,,,6.51E-04,8.80E-01
,,,6.51E-04,4.03999996,,,,,6.51E-04,8.80E-01
,,,6.52E-04,4.03999996,,,,,6.52E-04,8.00E-01
,,,6.52E-04,4.03999996,,,,,6.52E-04,8.00E-01
,,,6.52E-04,4.03999996,,,,,6.52E-04,8.80E-01
,,,6.53E-04,4.03999996,,,,,6.53E-04,8.00E-01
,,,6.53E-04,4.03999996,,,,,6.53E-04,8.80E-01
,,,6.54E-04,4.03999996,,,,,6.54E-04,8.80E-01
,,,6.54E-04,4.03999996,,,,,6.54E-04,7.20E-01
,,,6.54E-04,4.03999996,,,,,6.54E-04,8.00E-01
,,,6.55E-04,4.03999996,,,,,6.55E-04,8.80E-01
,,,6.55E-04,4.03999996,,,,,6.55E-04,8.80E-01
,,,6.56E-04,4.03999996,,,,,6.56E-04,8.80E-01
,,,6.56E-04,4.03999996,,,,,6.56E-04,8.00E-01
,,,6.56E-04,4.03999996,,,,,6.56E-04,8.00E-01
,,,6.57E-04,4.03999996,,,,,6.57E-04,8.80E-01
,,,6.57E-04,4.03999996,,,,,6.57E-04,7.20E-01
,,,6.58E-04,4.03999996,,,,,6.58E-04,8.00E-01
,,,6.58E-04,4.03999996,,,,,6.58E-04,8.00E-01
,,,6.58E-04,4.03999996,,,,,6.58E-04,8.00E-01
,,,6.59E-04,4.03999996,,,,,6.59E-04,8.00E-01
,,,6.59E-04,4.03999996,,,,,6.59E-04,8.00E-01
,,,6.60E-04,4.03999996,,,,,6.60E-04,7.20E-01
,,,6.60E-04,4.03999996,,,,,6.60E-04,6.40E-01
,,,6.60E-04,4.03999996,,,,,6.60E-04,8.00E-01
,,,6.61E-04,4.03999996,,,,,6.61E-04,8.00E-01
,,,6.61E-04,4.03999996,,,,,6.61E-04,8.00E-01
,,,6.62E-04,4.03999996,,,,,6.62E-04,8.80E-01
,,,6.62E-04,4.03999996,,,,,6.62E-04,8.00E-01
,,,6.62E-04,4.03999996,,,,,6.62E-04,8.00E-01
,,,6.63E-04,4.03999996,,,,,6.63E-04,7.20E-01
,,,6.63E-04,4.03999996,,,,,6.63E-04,7.20E-01
,,,6.64E-04,4.03999996,,,,,6.64E-04,7.20E-01
,,,6.64E-04,4.03999996,,,,,6.64E-04,8.00E-01
,,,6.64E-04,4.03999996,,,,,6.64E-04,8.00E-01
,,,6.65E-04,4.03999996,,,,,6.65E-04,7.20E-01
,,,6.65E-04,4.03999996,,,,,6.65E-04,8.80E-01
,,,6.66E-04,4.03999996,,,,,6.66E-04,8.00E-01
,,,6.66E-04,4.03999996,,,,,6.66E-04,8.00E-01
,,,6.66E-04,4.03999996,,,,,6.66E-04,7.20E-01
,,,6.67E-04,4.03999996,,,,,6.67E-04,8.00E-01
,,,6.67E-04,4.03999996,,,,,6.67E-04,8.80E-01
,,,6.68E-04,4.03999996,,,,,6.68E-04,7.20E-01
,,,6.68E-04,4.03999996,,,,,6.68E-04,7.20E-01
,,,6.68E-04,4.03999996,,,,,6.68E-04,7.20E-01
,,,6.69E-04,4.03999996,,,,,6.69E-04,6.40E-01
,,,6.69E-04,4.03999996,,,,,6.69E-04,7.20E-01
,,,6.70E-04,4.03999996,,,,,6.70E-04,6.40E-01
,,,6.70E-04,4.03999996,,,,,6.70E-04,7.20E-01
,,,6.70E-04,4.03999996,,,,,6.70E-04,7.20E-01
,,,6.71E-04,4.03999996,,,,,6.71E-04,8.00E-01
,,,6.71E-04,4.03999996,,,,,6.71E-04,7.20E-01
,,,6.72E-04,4.03999996,,,,,6.72E-04,8.00E-01
,,,6.72E-04,4.03999996,,,,,6.72E-04,7.20E-01
,,,6.72E-04,4.03999996,,,,,6.72E-04,8.00E-01
,,,6.73E-04,4.03999996,,,,,6.73E-04,7.20E-01
,,,6.73E-04,4.03999996,,,,,6.73E-04,5.60E-01
,,,6.74E-04,4.03999996,,,,,6.74E-04,8.00E-01
,,,6.74E-04,4.03999996,,,,,6.74E-04,7.20E-01
,,,6.74E-04,4.03999996,,,,,6.74E-04,8.00E-01
,,,6.75E-04,4.03999996,,,,,6.75E-04,8.00E-01
,,,6.75E-04,4.03999996,,,,,6.75E-04,7.20E-01
,,,6.76E-04,4.03999996,,,,,6.76E-04,8.00E-01
,,,6.76E-04,4.03999996,,,,,6.76E-04,7.20E-01
,,,6.76E-04,4.03999996,,,,,6.76E-04,8.00E-01
,,,6.77E-04,4.03999996,,,,,6.77E-04,7.20E-01
,,,6.77E-04,4.03999996,,,,,6.77E-04,6.40E-01
,,,6.78E-04,4.03999996,,,,,6.78E-04,7.20E-01
,,,6.78E-04,4.03999996,,,,,6.78E-04,7.20E-01
,,,6.78E-04,4.03999996,,,,,6.78E-04,7.20E-01
,,,6.79E-04,4.03999996,,,,,6.79E-04,6.40E-01
,,,6.79E-04,4.03999996,,,,,6.79E-04,7.20E-01
,,,6.80E-04,4.03999996,,,,,6.80E-04,6.40E-01
,,,6.80E-04,4.03999996,,,,,6.80E-04,7.20E-01
,,,6.80E-04,4.03999996,,,,,6.80E-04,8.00E-01
,,,6.81E-04,4.03999996,,,,,6.81E-04,6.40E-01
,,,6.81E-04,4.03999996,,,,,6.81E-04,7.20E-01
,,,6.82E-04,4.03999996,,,,,6.82E-04,7.20E-01
,,,6.82E-04,4.03999996,,,,,6.82E-04,7.20E-01
,,,6.82E-04,4.03999996,,,,,6.82E-04,7.20E-01
,,,6.83E-04,4.03999996,,,,,6.83E-04,7.20E-01
,,,6.83E-04,4.03999996,,,,,6.83E-04,7.20E-01
,,,6.84E-04,4.03999996,,,,,6.84E-04,7.20E-01
,,,6.84E-04,4.03999996,,,,,6.84E-04,7.20E-01
,,,6.84E-04,4.03999996,,,,,6.84E-04,5.60E-01
,,,6.85E-04,4.03999996,,,,,6.85E-04,5.60E-01
,,,6.85E-04,4.03999996,,,,,6.85E-04,7.20E-01
,,,6.86E-04,4.03999996,,,,,6.86E-04,6.40E-01
,,,6.86E-04,4.03999996,,,,,6.86E-04,7.20E-01
,,,6.86E-04,4.03999996,,,,,6.86E-04,7.20E-01
,,,6.87E-04,4.03999996,,,,,6.87E-04,6.40E-01
,,,6.87E-04,4.03999996,,,,,6.87E-04,7.20E-01
,,,6.88E-04,4.03999996,,,,,6.88E-04,7.20E-01
,,,6.88E-04,4.03999996,,,,,6.88E-04,6.40E-01
,,,6.88E-04,4.03999996,,,,,6.88E-04,6.40E-01
,,,6.89E-04,4.03999996,,,,,6.89E-04,6.40E-01
,,,6.89E-04,4.03999996,,,,,6.89E-04,7.20E-01
,,,6.90E-04,4.03999996,,,,,6.90E-04,6.40E-01
,,,6.90E-04,4.03999996,,,,,6.90E-04,6.40E-01
,,,6.90E-04,4.03999996,,,,,6.90E-04,6.40E-01
,,,6.91E-04,4.03999996,,,,,6.91E-04,7.20E-01
,,,6.91E-04,4.03999996,,,,,6.91E-04,8.00E-01
,,,6.92E-04,4.03999996,,,,,6.92E-04,7.20E-01
,,,6.92E-04,4.03999996,,,,,6.92E-04,7.20E-01
,,,6.92E-04,4.03999996,,,,,6.92E-04,7.20E-01
,,,6.93E-04,4.03999996,,,,,6.93E-04,6.40E-01
,,,6.93E-04,4.03999996,,,,,6.93E-04,8.00E-01
,,,6.94E-04,4.03999996,,,,,6.94E-04,5.60E-01
,,,6.94E-04,4.03999996,,,,,6.94E-04,6.40E-01
,,,6.94E-04,4.03999996,,,,,6.94E-04,6.40E-01
,,,6.95E-04,4.03999996,,,,,6.95E-04,6.40E-01
,,,6.95E-04,4.03999996,,,,,6.95E-04,7.20E-01
,,,6.96E-04,4.03999996,,,,,6.96E-04,4.80E-01
